station_id,station_type,timestamp,hour,temp,humidity,weather,is_weekend,ride_out,ride_in
1,地铁站,2018-01-01 00:00:00,0,-2,67,1,1,4,3
2,商业区,2018-01-01 00:00:00,0,-2,67,1,1,4,4
3,居住区,2018-01-01 00:00:00,0,-2,67,1,1,4,3
4,交通枢纽,2018-01-01 00:00:00,0,-2,67,1,1,8,8
5,校园,2018-01-01 00:00:00,0,-2,67,1,1,5,5
6,地铁站,2018-01-01 00:00:00,0,-2,67,1,1,3,2
7,商业区,2018-01-01 00:00:00,0,-2,67,1,1,4,2
8,居住区,2018-01-01 00:00:00,0,-2,67,1,1,3,2
9,交通枢纽,2018-01-01 00:00:00,0,-2,67,1,1,4,4
10,校园,2018-01-01 00:00:00,0,-2,67,1,1,5,3
11,地铁站,2018-01-01 00:00:00,0,-2,67,1,1,4,3
12,商业区,2018-01-01 00:00:00,0,-2,67,1,1,4,3
13,居住区,2018-01-01 00:00:00,0,-2,67,1,1,4,4
14,交通枢纽,2018-01-01 00:00:00,0,-2,67,1,1,4,4
15,校园,2018-01-01 00:00:00,0,-2,67,1,1,5,4
16,地铁站,2018-01-01 00:00:00,0,-2,67,1,1,3,3
17,商业区,2018-01-01 00:00:00,0,-2,67,1,1,4,3
18,居住区,2018-01-01 00:00:00,0,-2,67,1,1,5,4
19,交通枢纽,2018-01-01 00:00:00,0,-2,67,1,1,6,4
20,校园,2018-01-01 00:00:00,0,-2,67,1,1,4,4
21,地铁站,2018-01-01 00:00:00,0,-2,67,1,1,4,4
22,商业区,2018-01-01 00:00:00,0,-2,67,1,1,4,3
23,居住区,2018-01-01 00:00:00,0,-2,67,1,1,3,2
24,交通枢纽,2018-01-01 00:00:00,0,-2,67,1,1,5,5
25,校园,2018-01-01 00:00:00,0,-2,67,1,1,6,4
26,地铁站,2018-01-01 00:00:00,0,-2,67,1,1,3,2
27,商业区,2018-01-01 00:00:00,0,-2,67,1,1,3,3
28,居住区,2018-01-01 00:00:00,0,-2,67,1,1,5,5
29,交通枢纽,2018-01-01 00:00:00,0,-2,67,1,1,5,4
30,校园,2018-01-01 00:00:00,0,-2,67,1,1,6,6
31,地铁站,2018-01-01 00:00:00,0,-2,67,1,1,3,2
32,商业区,2018-01-01 00:00:00,0,-2,67,1,1,3,2
33,居住区,2018-01-01 00:00:00,0,-2,67,1,1,5,6
34,交通枢纽,2018-01-01 00:00:00,0,-2,67,1,1,6,6
35,校园,2018-01-01 00:00:00,0,-2,67,1,1,6,5
36,地铁站,2018-01-01 00:00:00,0,-2,67,1,1,3,3
37,商业区,2018-01-01 00:00:00,0,-2,67,1,1,4,4
38,居住区,2018-01-01 00:00:00,0,-2,67,1,1,2,2
39,交通枢纽,2018-01-01 00:00:00,0,-2,67,1,1,6,5
40,校园,2018-01-01 00:00:00,0,-2,67,1,1,6,4
41,地铁站,2018-01-01 00:00:00,0,-2,67,1,1,3,3
42,商业区,2018-01-01 00:00:00,0,-2,67,1,1,5,4
43,居住区,2018-01-01 00:00:00,0,-2,67,1,1,4,3
44,交通枢纽,2018-01-01 00:00:00,0,-2,67,1,1,7,7
45,校园,2018-01-01 00:00:00,0,-2,67,1,1,5,5
46,地铁站,2018-01-01 00:00:00,0,-2,67,1,1,3,3
47,商业区,2018-01-01 00:00:00,0,-2,67,1,1,3,2
48,居住区,2018-01-01 00:00:00,0,-2,67,1,1,4,3
49,交通枢纽,2018-01-01 00:00:00,0,-2,67,1,1,6,6
50,校园,2018-01-01 00:00:00,0,-2,67,1,1,6,5
1,地铁站,2018-01-01 01:00:00,1,-3,71,1,1,1,0
2,商业区,2018-01-01 01:00:00,1,-3,71,1,1,2,1
3,居住区,2018-01-01 01:00:00,1,-3,71,1,1,3,3
4,交通枢纽,2018-01-01 01:00:00,1,-3,71,1,1,6,6
5,校园,2018-01-01 01:00:00,1,-3,71,1,1,4,3
6,地铁站,2018-01-01 01:00:00,1,-3,71,1,1,1,0
7,商业区,2018-01-01 01:00:00,1,-3,71,1,1,3,4
8,居住区,2018-01-01 01:00:00,1,-3,71,1,1,3,3
9,交通枢纽,2018-01-01 01:00:00,1,-3,71,1,1,4,3
10,校园,2018-01-01 01:00:00,1,-3,71,1,1,5,5
11,地铁站,2018-01-01 01:00:00,1,-3,71,1,1,3,2
12,商业区,2018-01-01 01:00:00,1,-3,71,1,1,3,2
13,居住区,2018-01-01 01:00:00,1,-3,71,1,1,3,3
14,交通枢纽,2018-01-01 01:00:00,1,-3,71,1,1,3,2
15,校园,2018-01-01 01:00:00,1,-3,71,1,1,4,3
16,地铁站,2018-01-01 01:00:00,1,-3,71,1,1,1,1
17,商业区,2018-01-01 01:00:00,1,-3,71,1,1,2,2
18,居住区,2018-01-01 01:00:00,1,-3,71,1,1,2,2
19,交通枢纽,2018-01-01 01:00:00,1,-3,71,1,1,3,2
20,校园,2018-01-01 01:00:00,1,-3,71,1,1,5,4
21,地铁站,2018-01-01 01:00:00,1,-3,71,1,1,2,2
22,商业区,2018-01-01 01:00:00,1,-3,71,1,1,2,2
23,居住区,2018-01-01 01:00:00,1,-3,71,1,1,3,3
24,交通枢纽,2018-01-01 01:00:00,1,-3,71,1,1,3,2
25,校园,2018-01-01 01:00:00,1,-3,71,1,1,4,4
26,地铁站,2018-01-01 01:00:00,1,-3,71,1,1,2,2
27,商业区,2018-01-01 01:00:00,1,-3,71,1,1,2,2
28,居住区,2018-01-01 01:00:00,1,-3,71,1,1,3,2
29,交通枢纽,2018-01-01 01:00:00,1,-3,71,1,1,6,6
30,校园,2018-01-01 01:00:00,1,-3,71,1,1,3,3
31,地铁站,2018-01-01 01:00:00,1,-3,71,1,1,2,2
32,商业区,2018-01-01 01:00:00,1,-3,71,1,1,3,2
33,居住区,2018-01-01 01:00:00,1,-3,71,1,1,4,4
34,交通枢纽,2018-01-01 01:00:00,1,-3,71,1,1,5,6
35,校园,2018-01-01 01:00:00,1,-3,71,1,1,4,3
36,地铁站,2018-01-01 01:00:00,1,-3,71,1,1,2,1
37,商业区,2018-01-01 01:00:00,1,-3,71,1,1,3,3
38,居住区,2018-01-01 01:00:00,1,-3,71,1,1,3,3
39,交通枢纽,2018-01-01 01:00:00,1,-3,71,1,1,4,4
40,校园,2018-01-01 01:00:00,1,-3,71,1,1,4,5
41,地铁站,2018-01-01 01:00:00,1,-3,71,1,1,2,1
42,商业区,2018-01-01 01:00:00,1,-3,71,1,1,2,2
43,居住区,2018-01-01 01:00:00,1,-3,71,1,1,3,3
44,交通枢纽,2018-01-01 01:00:00,1,-3,71,1,1,4,3
45,校园,2018-01-01 01:00:00,1,-3,71,1,1,3,2
46,地铁站,2018-01-01 01:00:00,1,-3,71,1,1,2,2
47,商业区,2018-01-01 01:00:00,1,-3,71,1,1,3,2
48,居住区,2018-01-01 01:00:00,1,-3,71,1,1,3,3
49,交通枢纽,2018-01-01 01:00:00,1,-3,71,1,1,3,3
50,校园,2018-01-01 01:00:00,1,-3,71,1,1,4,3
1,地铁站,2018-01-01 02:00:00,2,-3,73,1,1,2,2
2,商业区,2018-01-01 02:00:00,2,-3,73,1,1,3,3
3,居住区,2018-01-01 02:00:00,2,-3,73,1,1,2,1
4,交通枢纽,2018-01-01 02:00:00,2,-3,73,1,1,3,3
5,校园,2018-01-01 02:00:00,2,-3,73,1,1,3,4
6,地铁站,2018-01-01 02:00:00,2,-3,73,1,1,2,2
7,商业区,2018-01-01 02:00:00,2,-3,73,1,1,3,3
8,居住区,2018-01-01 02:00:00,2,-3,73,1,1,2,2
9,交通枢纽,2018-01-01 02:00:00,2,-3,73,1,1,3,2
10,校园,2018-01-01 02:00:00,2,-3,73,1,1,3,3
11,地铁站,2018-01-01 02:00:00,2,-3,73,1,1,3,2
12,商业区,2018-01-01 02:00:00,2,-3,73,1,1,2,1
13,居住区,2018-01-01 02:00:00,2,-3,73,1,1,2,2
14,交通枢纽,2018-01-01 02:00:00,2,-3,73,1,1,3,2
15,校园,2018-01-01 02:00:00,2,-3,73,1,1,3,3
16,地铁站,2018-01-01 02:00:00,2,-3,73,1,1,1,1
17,商业区,2018-01-01 02:00:00,2,-3,73,1,1,2,1
18,居住区,2018-01-01 02:00:00,2,-3,73,1,1,4,4
19,交通枢纽,2018-01-01 02:00:00,2,-3,73,1,1,2,2
20,校园,2018-01-01 02:00:00,2,-3,73,1,1,3,3
21,地铁站,2018-01-01 02:00:00,2,-3,73,1,1,1,0
22,商业区,2018-01-01 02:00:00,2,-3,73,1,1,2,2
23,居住区,2018-01-01 02:00:00,2,-3,73,1,1,2,1
24,交通枢纽,2018-01-01 02:00:00,2,-3,73,1,1,3,2
25,校园,2018-01-01 02:00:00,2,-3,73,1,1,4,4
26,地铁站,2018-01-01 02:00:00,2,-3,73,1,1,1,1
27,商业区,2018-01-01 02:00:00,2,-3,73,1,1,3,3
28,居住区,2018-01-01 02:00:00,2,-3,73,1,1,2,1
29,交通枢纽,2018-01-01 02:00:00,2,-3,73,1,1,4,3
30,校园,2018-01-01 02:00:00,2,-3,73,1,1,3,3
31,地铁站,2018-01-01 02:00:00,2,-3,73,1,1,1,0
32,商业区,2018-01-01 02:00:00,2,-3,73,1,1,0,0
33,居住区,2018-01-01 02:00:00,2,-3,73,1,1,2,1
34,交通枢纽,2018-01-01 02:00:00,2,-3,73,1,1,4,3
35,校园,2018-01-01 02:00:00,2,-3,73,1,1,3,3
36,地铁站,2018-01-01 02:00:00,2,-3,73,1,1,2,1
37,商业区,2018-01-01 02:00:00,2,-3,73,1,1,3,3
38,居住区,2018-01-01 02:00:00,2,-3,73,1,1,2,2
39,交通枢纽,2018-01-01 02:00:00,2,-3,73,1,1,3,2
40,校园,2018-01-01 02:00:00,2,-3,73,1,1,3,2
41,地铁站,2018-01-01 02:00:00,2,-3,73,1,1,2,2
42,商业区,2018-01-01 02:00:00,2,-3,73,1,1,3,2
43,居住区,2018-01-01 02:00:00,2,-3,73,1,1,4,2
44,交通枢纽,2018-01-01 02:00:00,2,-3,73,1,1,3,3
45,校园,2018-01-01 02:00:00,2,-3,73,1,1,3,2
46,地铁站,2018-01-01 02:00:00,2,-3,73,1,1,2,1
47,商业区,2018-01-01 02:00:00,2,-3,73,1,1,2,2
48,居住区,2018-01-01 02:00:00,2,-3,73,1,1,3,2
49,交通枢纽,2018-01-01 02:00:00,2,-3,73,1,1,4,4
50,校园,2018-01-01 02:00:00,2,-3,73,1,1,4,4
1,地铁站,2018-01-01 03:00:00,3,-4,75,1,1,1,0
2,商业区,2018-01-01 03:00:00,3,-4,75,1,1,2,2
3,居住区,2018-01-01 03:00:00,3,-4,75,1,1,2,2
4,交通枢纽,2018-01-01 03:00:00,3,-4,75,1,1,3,2
5,校园,2018-01-01 03:00:00,3,-4,75,1,1,3,2
6,地铁站,2018-01-01 03:00:00,3,-4,75,1,1,1,1
7,商业区,2018-01-01 03:00:00,3,-4,75,1,1,2,2
8,居住区,2018-01-01 03:00:00,3,-4,75,1,1,2,2
9,交通枢纽,2018-01-01 03:00:00,3,-4,75,1,1,3,2
10,校园,2018-01-01 03:00:00,3,-4,75,1,1,2,1
11,地铁站,2018-01-01 03:00:00,3,-4,75,1,1,1,1
12,商业区,2018-01-01 03:00:00,3,-4,75,1,1,1,1
13,居住区,2018-01-01 03:00:00,3,-4,75,1,1,1,0
14,交通枢纽,2018-01-01 03:00:00,3,-4,75,1,1,3,3
15,校园,2018-01-01 03:00:00,3,-4,75,1,1,3,3
16,地铁站,2018-01-01 03:00:00,3,-4,75,1,1,1,0
17,商业区,2018-01-01 03:00:00,3,-4,75,1,1,1,0
18,居住区,2018-01-01 03:00:00,3,-4,75,1,1,2,1
19,交通枢纽,2018-01-01 03:00:00,3,-4,75,1,1,2,1
20,校园,2018-01-01 03:00:00,3,-4,75,1,1,3,2
21,地铁站,2018-01-01 03:00:00,3,-4,75,1,1,1,1
22,商业区,2018-01-01 03:00:00,3,-4,75,1,1,2,1
23,居住区,2018-01-01 03:00:00,3,-4,75,1,1,2,2
24,交通枢纽,2018-01-01 03:00:00,3,-4,75,1,1,1,0
25,校园,2018-01-01 03:00:00,3,-4,75,1,1,2,1
26,地铁站,2018-01-01 03:00:00,3,-4,75,1,1,1,1
27,商业区,2018-01-01 03:00:00,3,-4,75,1,1,2,1
28,居住区,2018-01-01 03:00:00,3,-4,75,1,1,2,1
29,交通枢纽,2018-01-01 03:00:00,3,-4,75,1,1,2,1
30,校园,2018-01-01 03:00:00,3,-4,75,1,1,2,1
31,地铁站,2018-01-01 03:00:00,3,-4,75,1,1,1,1
32,商业区,2018-01-01 03:00:00,3,-4,75,1,1,1,1
33,居住区,2018-01-01 03:00:00,3,-4,75,1,1,2,1
34,交通枢纽,2018-01-01 03:00:00,3,-4,75,1,1,2,2
35,校园,2018-01-01 03:00:00,3,-4,75,1,1,2,1
36,地铁站,2018-01-01 03:00:00,3,-4,75,1,1,1,1
37,商业区,2018-01-01 03:00:00,3,-4,75,1,1,2,2
38,居住区,2018-01-01 03:00:00,3,-4,75,1,1,3,2
39,交通枢纽,2018-01-01 03:00:00,3,-4,75,1,1,3,3
40,校园,2018-01-01 03:00:00,3,-4,75,1,1,4,3
41,地铁站,2018-01-01 03:00:00,3,-4,75,1,1,1,0
42,商业区,2018-01-01 03:00:00,3,-4,75,1,1,1,0
43,居住区,2018-01-01 03:00:00,3,-4,75,1,1,1,1
44,交通枢纽,2018-01-01 03:00:00,3,-4,75,1,1,2,2
45,校园,2018-01-01 03:00:00,3,-4,75,1,1,3,2
46,地铁站,2018-01-01 03:00:00,3,-4,75,1,1,1,1
47,商业区,2018-01-01 03:00:00,3,-4,75,1,1,1,1
48,居住区,2018-01-01 03:00:00,3,-4,75,1,1,2,1
49,交通枢纽,2018-01-01 03:00:00,3,-4,75,1,1,1,1
50,校园,2018-01-01 03:00:00,3,-4,75,1,1,2,2
1,地铁站,2018-01-01 04:00:00,4,-4,76,1,1,0,0
2,商业区,2018-01-01 04:00:00,4,-4,76,1,1,1,1
3,居住区,2018-01-01 04:00:00,4,-4,76,1,1,1,1
4,交通枢纽,2018-01-01 04:00:00,4,-4,76,1,1,1,0
5,校园,2018-01-01 04:00:00,4,-4,76,1,1,2,2
6,地铁站,2018-01-01 04:00:00,4,-4,76,1,1,1,0
7,商业区,2018-01-01 04:00:00,4,-4,76,1,1,1,1
8,居住区,2018-01-01 04:00:00,4,-4,76,1,1,2,1
9,交通枢纽,2018-01-01 04:00:00,4,-4,76,1,1,3,3
10,校园,2018-01-01 04:00:00,4,-4,76,1,1,2,2
11,地铁站,2018-01-01 04:00:00,4,-4,76,1,1,2,2
12,商业区,2018-01-01 04:00:00,4,-4,76,1,1,1,1
13,居住区,2018-01-01 04:00:00,4,-4,76,1,1,2,2
14,交通枢纽,2018-01-01 04:00:00,4,-4,76,1,1,1,1
15,校园,2018-01-01 04:00:00,4,-4,76,1,1,2,1
16,地铁站,2018-01-01 04:00:00,4,-4,76,1,1,1,0
17,商业区,2018-01-01 04:00:00,4,-4,76,1,1,1,1
18,居住区,2018-01-01 04:00:00,4,-4,76,1,1,2,2
19,交通枢纽,2018-01-01 04:00:00,4,-4,76,1,1,3,2
20,校园,2018-01-01 04:00:00,4,-4,76,1,1,1,0
21,地铁站,2018-01-01 04:00:00,4,-4,76,1,1,1,0
22,商业区,2018-01-01 04:00:00,4,-4,76,1,1,0,0
23,居住区,2018-01-01 04:00:00,4,-4,76,1,1,1,1
24,交通枢纽,2018-01-01 04:00:00,4,-4,76,1,1,2,1
25,校园,2018-01-01 04:00:00,4,-4,76,1,1,2,1
26,地铁站,2018-01-01 04:00:00,4,-4,76,1,1,1,1
27,商业区,2018-01-01 04:00:00,4,-4,76,1,1,1,1
28,居住区,2018-01-01 04:00:00,4,-4,76,1,1,1,0
29,交通枢纽,2018-01-01 04:00:00,4,-4,76,1,1,2,1
30,校园,2018-01-01 04:00:00,4,-4,76,1,1,2,1
31,地铁站,2018-01-01 04:00:00,4,-4,76,1,1,2,2
32,商业区,2018-01-01 04:00:00,4,-4,76,1,1,1,1
33,居住区,2018-01-01 04:00:00,4,-4,76,1,1,1,0
34,交通枢纽,2018-01-01 04:00:00,4,-4,76,1,1,2,2
35,校园,2018-01-01 04:00:00,4,-4,76,1,1,2,1
36,地铁站,2018-01-01 04:00:00,4,-4,76,1,1,1,0
37,商业区,2018-01-01 04:00:00,4,-4,76,1,1,1,1
38,居住区,2018-01-01 04:00:00,4,-4,76,1,1,2,1
39,交通枢纽,2018-01-01 04:00:00,4,-4,76,1,1,2,2
40,校园,2018-01-01 04:00:00,4,-4,76,1,1,3,3
41,地铁站,2018-01-01 04:00:00,4,-4,76,1,1,1,0
42,商业区,2018-01-01 04:00:00,4,-4,76,1,1,1,1
43,居住区,2018-01-01 04:00:00,4,-4,76,1,1,1,0
44,交通枢纽,2018-01-01 04:00:00,4,-4,76,1,1,2,1
45,校园,2018-01-01 04:00:00,4,-4,76,1,1,3,3
46,地铁站,2018-01-01 04:00:00,4,-4,76,1,1,1,1
47,商业区,2018-01-01 04:00:00,4,-4,76,1,1,1,0
48,居住区,2018-01-01 04:00:00,4,-4,76,1,1,2,2
49,交通枢纽,2018-01-01 04:00:00,4,-4,76,1,1,1,0
50,校园,2018-01-01 04:00:00,4,-4,76,1,1,1,0
1,地铁站,2018-01-01 05:00:00,5,-3,72,1,1,2,2
2,商业区,2018-01-01 05:00:00,5,-3,72,1,1,1,1
3,居住区,2018-01-01 05:00:00,5,-3,72,1,1,2,1
4,交通枢纽,2018-01-01 05:00:00,5,-3,72,1,1,2,1
5,校园,2018-01-01 05:00:00,5,-3,72,1,1,3,2
6,地铁站,2018-01-01 05:00:00,5,-3,72,1,1,2,1
7,商业区,2018-01-01 05:00:00,5,-3,72,1,1,2,1
8,居住区,2018-01-01 05:00:00,5,-3,72,1,1,2,2
9,交通枢纽,2018-01-01 05:00:00,5,-3,72,1,1,3,2
10,校园,2018-01-01 05:00:00,5,-3,72,1,1,3,3
11,地铁站,2018-01-01 05:00:00,5,-3,72,1,1,1,1
12,商业区,2018-01-01 05:00:00,5,-3,72,1,1,1,1
13,居住区,2018-01-01 05:00:00,5,-3,72,1,1,2,1
14,交通枢纽,2018-01-01 05:00:00,5,-3,72,1,1,2,2
15,校园,2018-01-01 05:00:00,5,-3,72,1,1,3,2
16,地铁站,2018-01-01 05:00:00,5,-3,72,1,1,2,1
17,商业区,2018-01-01 05:00:00,5,-3,72,1,1,2,1
18,居住区,2018-01-01 05:00:00,5,-3,72,1,1,2,2
19,交通枢纽,2018-01-01 05:00:00,5,-3,72,1,1,2,1
20,校园,2018-01-01 05:00:00,5,-3,72,1,1,3,2
21,地铁站,2018-01-01 05:00:00,5,-3,72,1,1,2,1
22,商业区,2018-01-01 05:00:00,5,-3,72,1,1,2,2
23,居住区,2018-01-01 05:00:00,5,-3,72,1,1,1,0
24,交通枢纽,2018-01-01 05:00:00,5,-3,72,1,1,3,2
25,校园,2018-01-01 05:00:00,5,-3,72,1,1,3,2
26,地铁站,2018-01-01 05:00:00,5,-3,72,1,1,1,0
27,商业区,2018-01-01 05:00:00,5,-3,72,1,1,2,2
28,居住区,2018-01-01 05:00:00,5,-3,72,1,1,2,1
29,交通枢纽,2018-01-01 05:00:00,5,-3,72,1,1,2,1
30,校园,2018-01-01 05:00:00,5,-3,72,1,1,3,2
31,地铁站,2018-01-01 05:00:00,5,-3,72,1,1,2,2
32,商业区,2018-01-01 05:00:00,5,-3,72,1,1,2,1
33,居住区,2018-01-01 05:00:00,5,-3,72,1,1,3,2
34,交通枢纽,2018-01-01 05:00:00,5,-3,72,1,1,1,0
35,校园,2018-01-01 05:00:00,5,-3,72,1,1,2,1
36,地铁站,2018-01-01 05:00:00,5,-3,72,1,1,1,1
37,商业区,2018-01-01 05:00:00,5,-3,72,1,1,2,1
38,居住区,2018-01-01 05:00:00,5,-3,72,1,1,2,1
39,交通枢纽,2018-01-01 05:00:00,5,-3,72,1,1,3,3
40,校园,2018-01-01 05:00:00,5,-3,72,1,1,2,2
41,地铁站,2018-01-01 05:00:00,5,-3,72,1,1,2,1
42,商业区,2018-01-01 05:00:00,5,-3,72,1,1,2,2
43,居住区,2018-01-01 05:00:00,5,-3,72,1,1,2,2
44,交通枢纽,2018-01-01 05:00:00,5,-3,72,1,1,2,1
45,校园,2018-01-01 05:00:00,5,-3,72,1,1,3,2
46,地铁站,2018-01-01 05:00:00,5,-3,72,1,1,1,0
47,商业区,2018-01-01 05:00:00,5,-3,72,1,1,2,2
48,居住区,2018-01-01 05:00:00,5,-3,72,1,1,3,2
49,交通枢纽,2018-01-01 05:00:00,5,-3,72,1,1,3,2
50,校园,2018-01-01 05:00:00,5,-3,72,1,1,2,2
1,地铁站,2018-01-01 06:00:00,6,-2,68,1,1,6,5
2,商业区,2018-01-01 06:00:00,6,-2,68,1,1,7,8
3,居住区,2018-01-01 06:00:00,6,-2,68,1,1,13,16
4,交通枢纽,2018-01-01 06:00:00,6,-2,68,1,1,7,5
5,校园,2018-01-01 06:00:00,6,-2,68,1,1,5,6
6,地铁站,2018-01-01 06:00:00,6,-2,68,1,1,6,5
7,商业区,2018-01-01 06:00:00,6,-2,68,1,1,6,4
8,居住区,2018-01-01 06:00:00,6,-2,68,1,1,18,18
9,交通枢纽,2018-01-01 06:00:00,6,-2,68,1,1,9,9
10,校园,2018-01-01 06:00:00,6,-2,68,1,1,9,9
11,地铁站,2018-01-01 06:00:00,6,-2,68,1,1,4,4
12,商业区,2018-01-01 06:00:00,6,-2,68,1,1,8,9
13,居住区,2018-01-01 06:00:00,6,-2,68,1,1,16,14
14,交通枢纽,2018-01-01 06:00:00,6,-2,68,1,1,7,6
15,校园,2018-01-01 06:00:00,6,-2,68,1,1,9,10
16,地铁站,2018-01-01 06:00:00,6,-2,68,1,1,3,3
17,商业区,2018-01-01 06:00:00,6,-2,68,1,1,6,5
18,居住区,2018-01-01 06:00:00,6,-2,68,1,1,10,7
19,交通枢纽,2018-01-01 06:00:00,6,-2,68,1,1,10,10
20,校园,2018-01-01 06:00:00,6,-2,68,1,1,6,4
21,地铁站,2018-01-01 06:00:00,6,-2,68,1,1,5,6
22,商业区,2018-01-01 06:00:00,6,-2,68,1,1,5,3
23,居住区,2018-01-01 06:00:00,6,-2,68,1,1,11,10
24,交通枢纽,2018-01-01 06:00:00,6,-2,68,1,1,4,3
25,校园,2018-01-01 06:00:00,6,-2,68,1,1,8,8
26,地铁站,2018-01-01 06:00:00,6,-2,68,1,1,7,8
27,商业区,2018-01-01 06:00:00,6,-2,68,1,1,5,4
28,居住区,2018-01-01 06:00:00,6,-2,68,1,1,19,19
29,交通枢纽,2018-01-01 06:00:00,6,-2,68,1,1,9,8
30,校园,2018-01-01 06:00:00,6,-2,68,1,1,9,8
31,地铁站,2018-01-01 06:00:00,6,-2,68,1,1,4,3
32,商业区,2018-01-01 06:00:00,6,-2,68,1,1,6,5
33,居住区,2018-01-01 06:00:00,6,-2,68,1,1,10,10
34,交通枢纽,2018-01-01 06:00:00,6,-2,68,1,1,8,9
35,校园,2018-01-01 06:00:00,6,-2,68,1,1,4,4
36,地铁站,2018-01-01 06:00:00,6,-2,68,1,1,6,4
37,商业区,2018-01-01 06:00:00,6,-2,68,1,1,5,4
38,居住区,2018-01-01 06:00:00,6,-2,68,1,1,9,7
39,交通枢纽,2018-01-01 06:00:00,6,-2,68,1,1,7,8
40,校园,2018-01-01 06:00:00,6,-2,68,1,1,10,11
41,地铁站,2018-01-01 06:00:00,6,-2,68,1,1,6,4
42,商业区,2018-01-01 06:00:00,6,-2,68,1,1,5,5
43,居住区,2018-01-01 06:00:00,6,-2,68,1,1,9,9
44,交通枢纽,2018-01-01 06:00:00,6,-2,68,1,1,8,7
45,校园,2018-01-01 06:00:00,6,-2,68,1,1,10,10
46,地铁站,2018-01-01 06:00:00,6,-2,68,1,1,5,5
47,商业区,2018-01-01 06:00:00,6,-2,68,1,1,4,4
48,居住区,2018-01-01 06:00:00,6,-2,68,1,1,14,13
49,交通枢纽,2018-01-01 06:00:00,6,-2,68,1,1,9,7
50,校园,2018-01-01 06:00:00,6,-2,68,1,1,10,9
1,地铁站,2018-01-01 07:00:00,7,-1,62,1,1,38,43
2,商业区,2018-01-01 07:00:00,7,-1,62,1,1,17,13
3,居住区,2018-01-01 07:00:00,7,-1,62,1,1,27,29
4,交通枢纽,2018-01-01 07:00:00,7,-1,62,1,1,21,26
5,校园,2018-01-01 07:00:00,7,-1,62,1,1,16,20
6,地铁站,2018-01-01 07:00:00,7,-1,62,1,1,44,43
7,商业区,2018-01-01 07:00:00,7,-1,62,1,1,17,18
8,居住区,2018-01-01 07:00:00,7,-1,62,1,1,39,45
9,交通枢纽,2018-01-01 07:00:00,7,-1,62,1,1,29,29
10,校园,2018-01-01 07:00:00,7,-1,62,1,1,26,25
11,地铁站,2018-01-01 07:00:00,7,-1,62,1,1,45,33
12,商业区,2018-01-01 07:00:00,7,-1,62,1,1,14,15
13,居住区,2018-01-01 07:00:00,7,-1,62,1,1,41,39
14,交通枢纽,2018-01-01 07:00:00,7,-1,62,1,1,28,29
15,校园,2018-01-01 07:00:00,7,-1,62,1,1,25,22
16,地铁站,2018-01-01 07:00:00,7,-1,62,1,1,44,37
17,商业区,2018-01-01 07:00:00,7,-1,62,1,1,21,15
18,居住区,2018-01-01 07:00:00,7,-1,62,1,1,48,51
19,交通枢纽,2018-01-01 07:00:00,7,-1,62,1,1,30,34
20,校园,2018-01-01 07:00:00,7,-1,62,1,1,38,43
21,地铁站,2018-01-01 07:00:00,7,-1,62,1,1,27,21
22,商业区,2018-01-01 07:00:00,7,-1,62,1,1,17,17
23,居住区,2018-01-01 07:00:00,7,-1,62,1,1,44,39
24,交通枢纽,2018-01-01 07:00:00,7,-1,62,1,1,29,25
25,校园,2018-01-01 07:00:00,7,-1,62,1,1,25,19
26,地铁站,2018-01-01 07:00:00,7,-1,62,1,1,34,27
27,商业区,2018-01-01 07:00:00,7,-1,62,1,1,16,18
28,居住区,2018-01-01 07:00:00,7,-1,62,1,1,32,44
29,交通枢纽,2018-01-01 07:00:00,7,-1,62,1,1,31,31
30,校园,2018-01-01 07:00:00,7,-1,62,1,1,23,25
31,地铁站,2018-01-01 07:00:00,7,-1,62,1,1,37,37
32,商业区,2018-01-01 07:00:00,7,-1,62,1,1,30,29
33,居住区,2018-01-01 07:00:00,7,-1,62,1,1,49,43
34,交通枢纽,2018-01-01 07:00:00,7,-1,62,1,1,28,35
35,校园,2018-01-01 07:00:00,7,-1,62,1,1,25,31
36,地铁站,2018-01-01 07:00:00,7,-1,62,1,1,48,43
37,商业区,2018-01-01 07:00:00,7,-1,62,1,1,22,25
38,居住区,2018-01-01 07:00:00,7,-1,62,1,1,45,34
39,交通枢纽,2018-01-01 07:00:00,7,-1,62,1,1,24,23
40,校园,2018-01-01 07:00:00,7,-1,62,1,1,28,30
41,地铁站,2018-01-01 07:00:00,7,-1,62,1,1,44,35
42,商业区,2018-01-01 07:00:00,7,-1,62,1,1,21,22
43,居住区,2018-01-01 07:00:00,7,-1,62,1,1,44,51
44,交通枢纽,2018-01-01 07:00:00,7,-1,62,1,1,33,35
45,校园,2018-01-01 07:00:00,7,-1,62,1,1,28,21
46,地铁站,2018-01-01 07:00:00,7,-1,62,1,1,46,47
47,商业区,2018-01-01 07:00:00,7,-1,62,1,1,21,16
48,居住区,2018-01-01 07:00:00,7,-1,62,1,1,31,35
49,交通枢纽,2018-01-01 07:00:00,7,-1,62,1,1,28,30
50,校园,2018-01-01 07:00:00,7,-1,62,1,1,28,28
1,地铁站,2018-01-01 08:00:00,8,0,58,1,1,99,91
2,商业区,2018-01-01 08:00:00,8,0,58,1,1,39,36
3,居住区,2018-01-01 08:00:00,8,0,58,1,1,71,67
4,交通枢纽,2018-01-01 08:00:00,8,0,58,1,1,58,53
5,校园,2018-01-01 08:00:00,8,0,58,1,1,69,59
6,地铁站,2018-01-01 08:00:00,8,0,58,1,1,80,74
7,商业区,2018-01-01 08:00:00,8,0,58,1,1,50,51
8,居住区,2018-01-01 08:00:00,8,0,58,1,1,93,72
9,交通枢纽,2018-01-01 08:00:00,8,0,58,1,1,58,65
10,校园,2018-01-01 08:00:00,8,0,58,1,1,56,64
11,地铁站,2018-01-01 08:00:00,8,0,58,1,1,74,89
12,商业区,2018-01-01 08:00:00,8,0,58,1,1,56,52
13,居住区,2018-01-01 08:00:00,8,0,58,1,1,70,85
14,交通枢纽,2018-01-01 08:00:00,8,0,58,1,1,73,67
15,校园,2018-01-01 08:00:00,8,0,58,1,1,50,47
16,地铁站,2018-01-01 08:00:00,8,0,58,1,1,60,51
17,商业区,2018-01-01 08:00:00,8,0,58,1,1,31,27
18,居住区,2018-01-01 08:00:00,8,0,58,1,1,77,79
19,交通枢纽,2018-01-01 08:00:00,8,0,58,1,1,72,61
20,校园,2018-01-01 08:00:00,8,0,58,1,1,66,63
21,地铁站,2018-01-01 08:00:00,8,0,58,1,1,82,90
22,商业区,2018-01-01 08:00:00,8,0,58,1,1,30,31
23,居住区,2018-01-01 08:00:00,8,0,58,1,1,80,85
24,交通枢纽,2018-01-01 08:00:00,8,0,58,1,1,58,79
25,校园,2018-01-01 08:00:00,8,0,58,1,1,48,44
26,地铁站,2018-01-01 08:00:00,8,0,58,1,1,73,66
27,商业区,2018-01-01 08:00:00,8,0,58,1,1,33,38
28,居住区,2018-01-01 08:00:00,8,0,58,1,1,99,90
29,交通枢纽,2018-01-01 08:00:00,8,0,58,1,1,46,49
30,校园,2018-01-01 08:00:00,8,0,58,1,1,49,53
31,地铁站,2018-01-01 08:00:00,8,0,58,1,1,86,66
32,商业区,2018-01-01 08:00:00,8,0,58,1,1,50,63
33,居住区,2018-01-01 08:00:00,8,0,58,1,1,68,64
34,交通枢纽,2018-01-01 08:00:00,8,0,58,1,1,58,60
35,校园,2018-01-01 08:00:00,8,0,58,1,1,62,80
36,地铁站,2018-01-01 08:00:00,8,0,58,1,1,80,70
37,商业区,2018-01-01 08:00:00,8,0,58,1,1,28,24
38,居住区,2018-01-01 08:00:00,8,0,58,1,1,77,97
39,交通枢纽,2018-01-01 08:00:00,8,0,58,1,1,49,50
40,校园,2018-01-01 08:00:00,8,0,58,1,1,55,64
41,地铁站,2018-01-01 08:00:00,8,0,58,1,1,125,115
42,商业区,2018-01-01 08:00:00,8,0,58,1,1,35,40
43,居住区,2018-01-01 08:00:00,8,0,58,1,1,88,112
44,交通枢纽,2018-01-01 08:00:00,8,0,58,1,1,62,58
45,校园,2018-01-01 08:00:00,8,0,58,1,1,62,72
46,地铁站,2018-01-01 08:00:00,8,0,58,1,1,97,104
47,商业区,2018-01-01 08:00:00,8,0,58,1,1,47,55
48,居住区,2018-01-01 08:00:00,8,0,58,1,1,99,108
49,交通枢纽,2018-01-01 08:00:00,8,0,58,1,1,53,54
50,校园,2018-01-01 08:00:00,8,0,58,1,1,69,60
1,地铁站,2018-01-01 09:00:00,9,1,55,1,1,113,106
2,商业区,2018-01-01 09:00:00,9,1,55,1,1,49,58
3,居住区,2018-01-01 09:00:00,9,1,55,1,1,58,58
4,交通枢纽,2018-01-01 09:00:00,9,1,55,1,1,51,56
5,校园,2018-01-01 09:00:00,9,1,55,1,1,79,104
6,地铁站,2018-01-01 09:00:00,9,1,55,1,1,99,102
7,商业区,2018-01-01 09:00:00,9,1,55,1,1,51,63
8,居住区,2018-01-01 09:00:00,9,1,55,1,1,55,57
9,交通枢纽,2018-01-01 09:00:00,9,1,55,1,1,78,80
10,校园,2018-01-01 09:00:00,9,1,55,1,1,64,65
11,地铁站,2018-01-01 09:00:00,9,1,55,1,1,128,108
12,商业区,2018-01-01 09:00:00,9,1,55,1,1,50,44
13,居住区,2018-01-01 09:00:00,9,1,55,1,1,69,53
14,交通枢纽,2018-01-01 09:00:00,9,1,55,1,1,62,65
15,校园,2018-01-01 09:00:00,9,1,55,1,1,92,91
16,地铁站,2018-01-01 09:00:00,9,1,55,1,1,93,119
17,商业区,2018-01-01 09:00:00,9,1,55,1,1,35,23
18,居住区,2018-01-01 09:00:00,9,1,55,1,1,61,56
19,交通枢纽,2018-01-01 09:00:00,9,1,55,1,1,56,61
20,校园,2018-01-01 09:00:00,9,1,55,1,1,73,66
21,地铁站,2018-01-01 09:00:00,9,1,55,1,1,78,88
22,商业区,2018-01-01 09:00:00,9,1,55,1,1,55,54
23,居住区,2018-01-01 09:00:00,9,1,55,1,1,77,64
24,交通枢纽,2018-01-01 09:00:00,9,1,55,1,1,48,43
25,校园,2018-01-01 09:00:00,9,1,55,1,1,69,71
26,地铁站,2018-01-01 09:00:00,9,1,55,1,1,100,105
27,商业区,2018-01-01 09:00:00,9,1,55,1,1,36,43
28,居住区,2018-01-01 09:00:00,9,1,55,1,1,55,64
29,交通枢纽,2018-01-01 09:00:00,9,1,55,1,1,75,80
30,校园,2018-01-01 09:00:00,9,1,55,1,1,78,83
31,地铁站,2018-01-01 09:00:00,9,1,55,1,1,119,142
32,商业区,2018-01-01 09:00:00,9,1,55,1,1,51,56
33,居住区,2018-01-01 09:00:00,9,1,55,1,1,55,66
34,交通枢纽,2018-01-01 09:00:00,9,1,55,1,1,60,76
35,校园,2018-01-01 09:00:00,9,1,55,1,1,69,54
36,地铁站,2018-01-01 09:00:00,9,1,55,1,1,108,96
37,商业区,2018-01-01 09:00:00,9,1,55,1,1,57,51
38,居住区,2018-01-01 09:00:00,9,1,55,1,1,51,36
39,交通枢纽,2018-01-01 09:00:00,9,1,55,1,1,64,40
40,校园,2018-01-01 09:00:00,9,1,55,1,1,48,53
41,地铁站,2018-01-01 09:00:00,9,1,55,1,1,122,129
42,商业区,2018-01-01 09:00:00,9,1,55,1,1,39,38
43,居住区,2018-01-01 09:00:00,9,1,55,1,1,56,46
44,交通枢纽,2018-01-01 09:00:00,9,1,55,1,1,91,102
45,校园,2018-01-01 09:00:00,9,1,55,1,1,67,67
46,地铁站,2018-01-01 09:00:00,9,1,55,1,1,110,76
47,商业区,2018-01-01 09:00:00,9,1,55,1,1,46,41
48,居住区,2018-01-01 09:00:00,9,1,55,1,1,45,43
49,交通枢纽,2018-01-01 09:00:00,9,1,55,1,1,95,104
50,校园,2018-01-01 09:00:00,9,1,55,1,1,62,67
1,地铁站,2018-01-01 10:00:00,10,2,52,1,1,61,69
2,商业区,2018-01-01 10:00:00,10,2,52,1,1,104,93
3,居住区,2018-01-01 10:00:00,10,2,52,1,1,72,76
4,交通枢纽,2018-01-01 10:00:00,10,2,52,1,1,93,101
5,校园,2018-01-01 10:00:00,10,2,52,1,1,96,88
6,地铁站,2018-01-01 10:00:00,10,2,52,1,1,60,61
7,商业区,2018-01-01 10:00:00,10,2,52,1,1,146,130
8,居住区,2018-01-01 10:00:00,10,2,52,1,1,85,87
9,交通枢纽,2018-01-01 10:00:00,10,2,52,1,1,69,63
10,校园,2018-01-01 10:00:00,10,2,52,1,1,74,78
11,地铁站,2018-01-01 10:00:00,10,2,52,1,1,52,47
12,商业区,2018-01-01 10:00:00,10,2,52,1,1,102,134
13,居住区,2018-01-01 10:00:00,10,2,52,1,1,85,90
14,交通枢纽,2018-01-01 10:00:00,10,2,52,1,1,80,81
15,校园,2018-01-01 10:00:00,10,2,52,1,1,89,75
16,地铁站,2018-01-01 10:00:00,10,2,52,1,1,45,33
17,商业区,2018-01-01 10:00:00,10,2,52,1,1,111,121
18,居住区,2018-01-01 10:00:00,10,2,52,1,1,57,70
19,交通枢纽,2018-01-01 10:00:00,10,2,52,1,1,60,46
20,校园,2018-01-01 10:00:00,10,2,52,1,1,83,96
21,地铁站,2018-01-01 10:00:00,10,2,52,1,1,63,58
22,商业区,2018-01-01 10:00:00,10,2,52,1,1,125,124
23,居住区,2018-01-01 10:00:00,10,2,52,1,1,61,69
24,交通枢纽,2018-01-01 10:00:00,10,2,52,1,1,89,67
25,校园,2018-01-01 10:00:00,10,2,52,1,1,103,124
26,地铁站,2018-01-01 10:00:00,10,2,52,1,1,41,43
27,商业区,2018-01-01 10:00:00,10,2,52,1,1,113,117
28,居住区,2018-01-01 10:00:00,10,2,52,1,1,56,50
29,交通枢纽,2018-01-01 10:00:00,10,2,52,1,1,79,92
30,校园,2018-01-01 10:00:00,10,2,52,1,1,88,83
31,地铁站,2018-01-01 10:00:00,10,2,52,1,1,55,31
32,商业区,2018-01-01 10:00:00,10,2,52,1,1,127,93
33,居住区,2018-01-01 10:00:00,10,2,52,1,1,59,49
34,交通枢纽,2018-01-01 10:00:00,10,2,52,1,1,58,68
35,校园,2018-01-01 10:00:00,10,2,52,1,1,72,75
36,地铁站,2018-01-01 10:00:00,10,2,52,1,1,47,50
37,商业区,2018-01-01 10:00:00,10,2,52,1,1,105,84
38,居住区,2018-01-01 10:00:00,10,2,52,1,1,76,70
39,交通枢纽,2018-01-01 10:00:00,10,2,52,1,1,54,50
40,校园,2018-01-01 10:00:00,10,2,52,1,1,103,116
41,地铁站,2018-01-01 10:00:00,10,2,52,1,1,44,41
42,商业区,2018-01-01 10:00:00,10,2,52,1,1,96,125
43,居住区,2018-01-01 10:00:00,10,2,52,1,1,68,72
44,交通枢纽,2018-01-01 10:00:00,10,2,52,1,1,96,99
45,校园,2018-01-01 10:00:00,10,2,52,1,1,75,72
46,地铁站,2018-01-01 10:00:00,10,2,52,1,1,47,46
47,商业区,2018-01-01 10:00:00,10,2,52,1,1,118,118
48,居住区,2018-01-01 10:00:00,10,2,52,1,1,73,72
49,交通枢纽,2018-01-01 10:00:00,10,2,52,1,1,80,56
50,校园,2018-01-01 10:00:00,10,2,52,1,1,94,98
1,地铁站,2018-01-01 11:00:00,11,3,50,1,1,60,33
2,商业区,2018-01-01 11:00:00,11,3,50,1,1,155,151
3,居住区,2018-01-01 11:00:00,11,3,50,1,1,82,69
4,交通枢纽,2018-01-01 11:00:00,11,3,50,1,1,94,79
5,校园,2018-01-01 11:00:00,11,3,50,1,1,73,93
6,地铁站,2018-01-01 11:00:00,11,3,50,1,1,48,49
7,商业区,2018-01-01 11:00:00,11,3,50,1,1,128,137
8,居住区,2018-01-01 11:00:00,11,3,50,1,1,69,72
9,交通枢纽,2018-01-01 11:00:00,11,3,50,1,1,124,122
10,校园,2018-01-01 11:00:00,11,3,50,1,1,87,100
11,地铁站,2018-01-01 11:00:00,11,3,50,1,1,61,71
12,商业区,2018-01-01 11:00:00,11,3,50,1,1,123,101
13,居住区,2018-01-01 11:00:00,11,3,50,1,1,89,73
14,交通枢纽,2018-01-01 11:00:00,11,3,50,1,1,89,78
15,校园,2018-01-01 11:00:00,11,3,50,1,1,83,87
16,地铁站,2018-01-01 11:00:00,11,3,50,1,1,53,56
17,商业区,2018-01-01 11:00:00,11,3,50,1,1,144,153
18,居住区,2018-01-01 11:00:00,11,3,50,1,1,64,73
19,交通枢纽,2018-01-01 11:00:00,11,3,50,1,1,104,84
20,校园,2018-01-01 11:00:00,11,3,50,1,1,94,103
21,地铁站,2018-01-01 11:00:00,11,3,50,1,1,47,56
22,商业区,2018-01-01 11:00:00,11,3,50,1,1,106,107
23,居住区,2018-01-01 11:00:00,11,3,50,1,1,65,65
24,交通枢纽,2018-01-01 11:00:00,11,3,50,1,1,65,50
25,校园,2018-01-01 11:00:00,11,3,50,1,1,111,96
26,地铁站,2018-01-01 11:00:00,11,3,50,1,1,40,27
27,商业区,2018-01-01 11:00:00,11,3,50,1,1,95,76
28,居住区,2018-01-01 11:00:00,11,3,50,1,1,89,102
29,交通枢纽,2018-01-01 11:00:00,11,3,50,1,1,72,96
30,校园,2018-01-01 11:00:00,11,3,50,1,1,100,95
31,地铁站,2018-01-01 11:00:00,11,3,50,1,1,25,33
32,商业区,2018-01-01 11:00:00,11,3,50,1,1,79,59
33,居住区,2018-01-01 11:00:00,11,3,50,1,1,81,110
34,交通枢纽,2018-01-01 11:00:00,11,3,50,1,1,107,116
35,校园,2018-01-01 11:00:00,11,3,50,1,1,94,106
36,地铁站,2018-01-01 11:00:00,11,3,50,1,1,58,60
37,商业区,2018-01-01 11:00:00,11,3,50,1,1,111,109
38,居住区,2018-01-01 11:00:00,11,3,50,1,1,57,54
39,交通枢纽,2018-01-01 11:00:00,11,3,50,1,1,55,54
40,校园,2018-01-01 11:00:00,11,3,50,1,1,67,55
41,地铁站,2018-01-01 11:00:00,11,3,50,1,1,52,62
42,商业区,2018-01-01 11:00:00,11,3,50,1,1,129,98
43,居住区,2018-01-01 11:00:00,11,3,50,1,1,54,61
44,交通枢纽,2018-01-01 11:00:00,11,3,50,1,1,67,64
45,校园,2018-01-01 11:00:00,11,3,50,1,1,93,79
46,地铁站,2018-01-01 11:00:00,11,3,50,1,1,51,40
47,商业区,2018-01-01 11:00:00,11,3,50,1,1,96,100
48,居住区,2018-01-01 11:00:00,11,3,50,1,1,45,47
49,交通枢纽,2018-01-01 11:00:00,11,3,50,1,1,83,89
50,校园,2018-01-01 11:00:00,11,3,50,1,1,87,104
1,地铁站,2018-01-01 12:00:00,12,4,48,1,1,49,45
2,商业区,2018-01-01 12:00:00,12,4,48,1,1,107,115
3,居住区,2018-01-01 12:00:00,12,4,48,1,1,65,65
4,交通枢纽,2018-01-01 12:00:00,12,4,48,1,1,69,62
5,校园,2018-01-01 12:00:00,12,4,48,1,1,58,73
6,地铁站,2018-01-01 12:00:00,12,4,48,1,1,36,32
7,商业区,2018-01-01 12:00:00,12,4,48,1,1,90,102
8,居住区,2018-01-01 12:00:00,12,4,48,1,1,60,71
9,交通枢纽,2018-01-01 12:00:00,12,4,48,1,1,70,72
10,校园,2018-01-01 12:00:00,12,4,48,1,1,67,88
11,地铁站,2018-01-01 12:00:00,12,4,48,1,1,37,38
12,商业区,2018-01-01 12:00:00,12,4,48,1,1,118,125
13,居住区,2018-01-01 12:00:00,12,4,48,1,1,62,60
14,交通枢纽,2018-01-01 12:00:00,12,4,48,1,1,81,79
15,校园,2018-01-01 12:00:00,12,4,48,1,1,96,127
16,地铁站,2018-01-01 12:00:00,12,4,48,1,1,43,34
17,商业区,2018-01-01 12:00:00,12,4,48,1,1,103,142
18,居住区,2018-01-01 12:00:00,12,4,48,1,1,54,67
19,交通枢纽,2018-01-01 12:00:00,12,4,48,1,1,108,99
20,校园,2018-01-01 12:00:00,12,4,48,1,1,90,111
21,地铁站,2018-01-01 12:00:00,12,4,48,1,1,44,42
22,商业区,2018-01-01 12:00:00,12,4,48,1,1,93,78
23,居住区,2018-01-01 12:00:00,12,4,48,1,1,56,45
24,交通枢纽,2018-01-01 12:00:00,12,4,48,1,1,81,71
25,校园,2018-01-01 12:00:00,12,4,48,1,1,84,64
26,地铁站,2018-01-01 12:00:00,12,4,48,1,1,51,57
27,商业区,2018-01-01 12:00:00,12,4,48,1,1,63,66
28,居住区,2018-01-01 12:00:00,12,4,48,1,1,80,65
29,交通枢纽,2018-01-01 12:00:00,12,4,48,1,1,108,114
30,校园,2018-01-01 12:00:00,12,4,48,1,1,69,68
31,地铁站,2018-01-01 12:00:00,12,4,48,1,1,54,54
32,商业区,2018-01-01 12:00:00,12,4,48,1,1,116,99
33,居住区,2018-01-01 12:00:00,12,4,48,1,1,66,52
34,交通枢纽,2018-01-01 12:00:00,12,4,48,1,1,79,68
35,校园,2018-01-01 12:00:00,12,4,48,1,1,69,81
36,地铁站,2018-01-01 12:00:00,12,4,48,1,1,59,64
37,商业区,2018-01-01 12:00:00,12,4,48,1,1,82,78
38,居住区,2018-01-01 12:00:00,12,4,48,1,1,80,81
39,交通枢纽,2018-01-01 12:00:00,12,4,48,1,1,118,124
40,校园,2018-01-01 12:00:00,12,4,48,1,1,84,80
41,地铁站,2018-01-01 12:00:00,12,4,48,1,1,49,47
42,商业区,2018-01-01 12:00:00,12,4,48,1,1,120,137
43,居住区,2018-01-01 12:00:00,12,4,48,1,1,54,43
44,交通枢纽,2018-01-01 12:00:00,12,4,48,1,1,51,54
45,校园,2018-01-01 12:00:00,12,4,48,1,1,63,42
46,地铁站,2018-01-01 12:00:00,12,4,48,1,1,52,71
47,商业区,2018-01-01 12:00:00,12,4,48,1,1,105,118
48,居住区,2018-01-01 12:00:00,12,4,48,1,1,65,64
49,交通枢纽,2018-01-01 12:00:00,12,4,48,1,1,95,90
50,校园,2018-01-01 12:00:00,12,4,48,1,1,85,89
1,地铁站,2018-01-01 13:00:00,13,5,45,1,1,44,50
2,商业区,2018-01-01 13:00:00,13,5,45,1,1,58,51
3,居住区,2018-01-01 13:00:00,13,5,45,1,1,76,65
4,交通枢纽,2018-01-01 13:00:00,13,5,45,1,1,86,85
5,校园,2018-01-01 13:00:00,13,5,45,1,1,105,112
6,地铁站,2018-01-01 13:00:00,13,5,45,1,1,51,57
7,商业区,2018-01-01 13:00:00,13,5,45,1,1,77,83
8,居住区,2018-01-01 13:00:00,13,5,45,1,1,69,55
9,交通枢纽,2018-01-01 13:00:00,13,5,45,1,1,67,63
10,校园,2018-01-01 13:00:00,13,5,45,1,1,75,72
11,地铁站,2018-01-01 13:00:00,13,5,45,1,1,52,56
12,商业区,2018-01-01 13:00:00,13,5,45,1,1,59,63
13,居住区,2018-01-01 13:00:00,13,5,45,1,1,70,49
14,交通枢纽,2018-01-01 13:00:00,13,5,45,1,1,70,68
15,校园,2018-01-01 13:00:00,13,5,45,1,1,65,70
16,地铁站,2018-01-01 13:00:00,13,5,45,1,1,67,79
17,商业区,2018-01-01 13:00:00,13,5,45,1,1,57,69
18,居住区,2018-01-01 13:00:00,13,5,45,1,1,71,67
19,交通枢纽,2018-01-01 13:00:00,13,5,45,1,1,75,71
20,校园,2018-01-01 13:00:00,13,5,45,1,1,79,81
21,地铁站,2018-01-01 13:00:00,13,5,45,1,1,53,53
22,商业区,2018-01-01 13:00:00,13,5,45,1,1,65,76
23,居住区,2018-01-01 13:00:00,13,5,45,1,1,82,63
24,交通枢纽,2018-01-01 13:00:00,13,5,45,1,1,42,47
25,校园,2018-01-01 13:00:00,13,5,45,1,1,62,59
26,地铁站,2018-01-01 13:00:00,13,5,45,1,1,39,28
27,商业区,2018-01-01 13:00:00,13,5,45,1,1,67,74
28,居住区,2018-01-01 13:00:00,13,5,45,1,1,61,37
29,交通枢纽,2018-01-01 13:00:00,13,5,45,1,1,76,80
30,校园,2018-01-01 13:00:00,13,5,45,1,1,60,61
31,地铁站,2018-01-01 13:00:00,13,5,45,1,1,51,55
32,商业区,2018-01-01 13:00:00,13,5,45,1,1,61,52
33,居住区,2018-01-01 13:00:00,13,5,45,1,1,85,82
34,交通枢纽,2018-01-01 13:00:00,13,5,45,1,1,85,73
35,校园,2018-01-01 13:00:00,13,5,45,1,1,78,67
36,地铁站,2018-01-01 13:00:00,13,5,45,1,1,50,62
37,商业区,2018-01-01 13:00:00,13,5,45,1,1,43,32
38,居住区,2018-01-01 13:00:00,13,5,45,1,1,89,86
39,交通枢纽,2018-01-01 13:00:00,13,5,45,1,1,74,85
40,校园,2018-01-01 13:00:00,13,5,45,1,1,75,95
41,地铁站,2018-01-01 13:00:00,13,5,45,1,1,58,53
42,商业区,2018-01-01 13:00:00,13,5,45,1,1,86,78
43,居住区,2018-01-01 13:00:00,13,5,45,1,1,79,82
44,交通枢纽,2018-01-01 13:00:00,13,5,45,1,1,108,133
45,校园,2018-01-01 13:00:00,13,5,45,1,1,86,76
46,地铁站,2018-01-01 13:00:00,13,5,45,1,1,56,50
47,商业区,2018-01-01 13:00:00,13,5,45,1,1,84,85
48,居住区,2018-01-01 13:00:00,13,5,45,1,1,64,65
49,交通枢纽,2018-01-01 13:00:00,13,5,45,1,1,63,53
50,校园,2018-01-01 13:00:00,13,5,45,1,1,107,96
1,地铁站,2018-01-01 14:00:00,14,6,43,1,1,42,45
2,商业区,2018-01-01 14:00:00,14,6,43,1,1,143,158
3,居住区,2018-01-01 14:00:00,14,6,43,1,1,85,75
4,交通枢纽,2018-01-01 14:00:00,14,6,43,1,1,63,77
5,校园,2018-01-01 14:00:00,14,6,43,1,1,83,79
6,地铁站,2018-01-01 14:00:00,14,6,43,1,1,67,72
7,商业区,2018-01-01 14:00:00,14,6,43,1,1,126,166
8,居住区,2018-01-01 14:00:00,14,6,43,1,1,62,70
9,交通枢纽,2018-01-01 14:00:00,14,6,43,1,1,90,93
10,校园,2018-01-01 14:00:00,14,6,43,1,1,116,124
11,地铁站,2018-01-01 14:00:00,14,6,43,1,1,59,68
12,商业区,2018-01-01 14:00:00,14,6,43,1,1,107,93
13,居住区,2018-01-01 14:00:00,14,6,43,1,1,56,39
14,交通枢纽,2018-01-01 14:00:00,14,6,43,1,1,125,104
15,校园,2018-01-01 14:00:00,14,6,43,1,1,85,81
16,地铁站,2018-01-01 14:00:00,14,6,43,1,1,56,62
17,商业区,2018-01-01 14:00:00,14,6,43,1,1,135,123
18,居住区,2018-01-01 14:00:00,14,6,43,1,1,68,70
19,交通枢纽,2018-01-01 14:00:00,14,6,43,1,1,84,104
20,校园,2018-01-01 14:00:00,14,6,43,1,1,97,107
21,地铁站,2018-01-01 14:00:00,14,6,43,1,1,60,70
22,商业区,2018-01-01 14:00:00,14,6,43,1,1,119,95
23,居住区,2018-01-01 14:00:00,14,6,43,1,1,76,68
24,交通枢纽,2018-01-01 14:00:00,14,6,43,1,1,79,85
25,校园,2018-01-01 14:00:00,14,6,43,1,1,111,111
26,地铁站,2018-01-01 14:00:00,14,6,43,1,1,56,70
27,商业区,2018-01-01 14:00:00,14,6,43,1,1,121,168
28,居住区,2018-01-01 14:00:00,14,6,43,1,1,79,58
29,交通枢纽,2018-01-01 14:00:00,14,6,43,1,1,102,107
30,校园,2018-01-01 14:00:00,14,6,43,1,1,111,122
31,地铁站,2018-01-01 14:00:00,14,6,43,1,1,51,41
32,商业区,2018-01-01 14:00:00,14,6,43,1,1,110,95
33,居住区,2018-01-01 14:00:00,14,6,43,1,1,62,67
34,交通枢纽,2018-01-01 14:00:00,14,6,43,1,1,118,124
35,校园,2018-01-01 14:00:00,14,6,43,1,1,67,71
36,地铁站,2018-01-01 14:00:00,14,6,43,1,1,66,59
37,商业区,2018-01-01 14:00:00,14,6,43,1,1,112,112
38,居住区,2018-01-01 14:00:00,14,6,43,1,1,60,65
39,交通枢纽,2018-01-01 14:00:00,14,6,43,1,1,86,91
40,校园,2018-01-01 14:00:00,14,6,43,1,1,73,68
41,地铁站,2018-01-01 14:00:00,14,6,43,1,1,61,57
42,商业区,2018-01-01 14:00:00,14,6,43,1,1,155,145
43,居住区,2018-01-01 14:00:00,14,6,43,1,1,74,84
44,交通枢纽,2018-01-01 14:00:00,14,6,43,1,1,63,46
45,校园,2018-01-01 14:00:00,14,6,43,1,1,61,72
46,地铁站,2018-01-01 14:00:00,14,6,43,1,1,47,65
47,商业区,2018-01-01 14:00:00,14,6,43,1,1,102,104
48,居住区,2018-01-01 14:00:00,14,6,43,1,1,93,120
49,交通枢纽,2018-01-01 14:00:00,14,6,43,1,1,125,147
50,校园,2018-01-01 14:00:00,14,6,43,1,1,107,116
1,地铁站,2018-01-01 15:00:00,15,5,46,1,1,56,51
2,商业区,2018-01-01 15:00:00,15,5,46,1,1,89,88
3,居住区,2018-01-01 15:00:00,15,5,46,1,1,63,58
4,交通枢纽,2018-01-01 15:00:00,15,5,46,1,1,93,106
5,校园,2018-01-01 15:00:00,15,5,46,1,1,83,101
6,地铁站,2018-01-01 15:00:00,15,5,46,1,1,37,35
7,商业区,2018-01-01 15:00:00,15,5,46,1,1,91,65
8,居住区,2018-01-01 15:00:00,15,5,46,1,1,64,62
9,交通枢纽,2018-01-01 15:00:00,15,5,46,1,1,106,116
10,校园,2018-01-01 15:00:00,15,5,46,1,1,65,83
11,地铁站,2018-01-01 15:00:00,15,5,46,1,1,61,66
12,商业区,2018-01-01 15:00:00,15,5,46,1,1,101,86
13,居住区,2018-01-01 15:00:00,15,5,46,1,1,60,69
14,交通枢纽,2018-01-01 15:00:00,15,5,46,1,1,112,137
15,校园,2018-01-01 15:00:00,15,5,46,1,1,73,60
16,地铁站,2018-01-01 15:00:00,15,5,46,1,1,50,36
17,商业区,2018-01-01 15:00:00,15,5,46,1,1,113,110
18,居住区,2018-01-01 15:00:00,15,5,46,1,1,59,44
19,交通枢纽,2018-01-01 15:00:00,15,5,46,1,1,90,82
20,校园,2018-01-01 15:00:00,15,5,46,1,1,62,35
21,地铁站,2018-01-01 15:00:00,15,5,46,1,1,48,60
22,商业区,2018-01-01 15:00:00,15,5,46,1,1,142,132
23,居住区,2018-01-01 15:00:00,15,5,46,1,1,57,61
24,交通枢纽,2018-01-01 15:00:00,15,5,46,1,1,65,67
25,校园,2018-01-01 15:00:00,15,5,46,1,1,94,111
26,地铁站,2018-01-01 15:00:00,15,5,46,1,1,48,46
27,商业区,2018-01-01 15:00:00,15,5,46,1,1,87,76
28,居住区,2018-01-01 15:00:00,15,5,46,1,1,62,65
29,交通枢纽,2018-01-01 15:00:00,15,5,46,1,1,96,84
30,校园,2018-01-01 15:00:00,15,5,46,1,1,106,101
31,地铁站,2018-01-01 15:00:00,15,5,46,1,1,48,42
32,商业区,2018-01-01 15:00:00,15,5,46,1,1,54,61
33,居住区,2018-01-01 15:00:00,15,5,46,1,1,75,71
34,交通枢纽,2018-01-01 15:00:00,15,5,46,1,1,83,89
35,校园,2018-01-01 15:00:00,15,5,46,1,1,56,51
36,地铁站,2018-01-01 15:00:00,15,5,46,1,1,57,46
37,商业区,2018-01-01 15:00:00,15,5,46,1,1,112,89
38,居住区,2018-01-01 15:00:00,15,5,46,1,1,71,70
39,交通枢纽,2018-01-01 15:00:00,15,5,46,1,1,55,64
40,校园,2018-01-01 15:00:00,15,5,46,1,1,69,60
41,地铁站,2018-01-01 15:00:00,15,5,46,1,1,51,59
42,商业区,2018-01-01 15:00:00,15,5,46,1,1,84,84
43,居住区,2018-01-01 15:00:00,15,5,46,1,1,71,78
44,交通枢纽,2018-01-01 15:00:00,15,5,46,1,1,84,79
45,校园,2018-01-01 15:00:00,15,5,46,1,1,68,68
46,地铁站,2018-01-01 15:00:00,15,5,46,1,1,38,21
47,商业区,2018-01-01 15:00:00,15,5,46,1,1,115,130
48,居住区,2018-01-01 15:00:00,15,5,46,1,1,34,28
49,交通枢纽,2018-01-01 15:00:00,15,5,46,1,1,92,120
50,校园,2018-01-01 15:00:00,15,5,46,1,1,82,73
1,地铁站,2018-01-01 16:00:00,16,4,50,1,1,41,49
2,商业区,2018-01-01 16:00:00,16,4,50,1,1,80,70
3,居住区,2018-01-01 16:00:00,16,4,50,1,1,51,43
4,交通枢纽,2018-01-01 16:00:00,16,4,50,1,1,72,89
5,校园,2018-01-01 16:00:00,16,4,50,1,1,75,72
6,地铁站,2018-01-01 16:00:00,16,4,50,1,1,40,30
7,商业区,2018-01-01 16:00:00,16,4,50,1,1,108,106
8,居住区,2018-01-01 16:00:00,16,4,50,1,1,54,79
9,交通枢纽,2018-01-01 16:00:00,16,4,50,1,1,75,66
10,校园,2018-01-01 16:00:00,16,4,50,1,1,65,76
11,地铁站,2018-01-01 16:00:00,16,4,50,1,1,43,33
12,商业区,2018-01-01 16:00:00,16,4,50,1,1,109,98
13,居住区,2018-01-01 16:00:00,16,4,50,1,1,78,90
14,交通枢纽,2018-01-01 16:00:00,16,4,50,1,1,64,76
15,校园,2018-01-01 16:00:00,16,4,50,1,1,72,81
16,地铁站,2018-01-01 16:00:00,16,4,50,1,1,46,40
17,商业区,2018-01-01 16:00:00,16,4,50,1,1,80,92
18,居住区,2018-01-01 16:00:00,16,4,50,1,1,53,49
19,交通枢纽,2018-01-01 16:00:00,16,4,50,1,1,57,60
20,校园,2018-01-01 16:00:00,16,4,50,1,1,100,83
21,地铁站,2018-01-01 16:00:00,16,4,50,1,1,42,50
22,商业区,2018-01-01 16:00:00,16,4,50,1,1,91,97
23,居住区,2018-01-01 16:00:00,16,4,50,1,1,44,46
24,交通枢纽,2018-01-01 16:00:00,16,4,50,1,1,68,78
25,校园,2018-01-01 16:00:00,16,4,50,1,1,88,122
26,地铁站,2018-01-01 16:00:00,16,4,50,1,1,47,49
27,商业区,2018-01-01 16:00:00,16,4,50,1,1,96,90
28,居住区,2018-01-01 16:00:00,16,4,50,1,1,60,57
29,交通枢纽,2018-01-01 16:00:00,16,4,50,1,1,73,87
30,校园,2018-01-01 16:00:00,16,4,50,1,1,56,65
31,地铁站,2018-01-01 16:00:00,16,4,50,1,1,53,52
32,商业区,2018-01-01 16:00:00,16,4,50,1,1,53,48
33,居住区,2018-01-01 16:00:00,16,4,50,1,1,71,70
34,交通枢纽,2018-01-01 16:00:00,16,4,50,1,1,56,51
35,校园,2018-01-01 16:00:00,16,4,50,1,1,83,89
36,地铁站,2018-01-01 16:00:00,16,4,50,1,1,40,37
37,商业区,2018-01-01 16:00:00,16,4,50,1,1,85,73
38,居住区,2018-01-01 16:00:00,16,4,50,1,1,75,71
39,交通枢纽,2018-01-01 16:00:00,16,4,50,1,1,88,108
40,校园,2018-01-01 16:00:00,16,4,50,1,1,85,79
41,地铁站,2018-01-01 16:00:00,16,4,50,1,1,46,45
42,商业区,2018-01-01 16:00:00,16,4,50,1,1,75,78
43,居住区,2018-01-01 16:00:00,16,4,50,1,1,43,50
44,交通枢纽,2018-01-01 16:00:00,16,4,50,1,1,64,65
45,校园,2018-01-01 16:00:00,16,4,50,1,1,75,72
46,地铁站,2018-01-01 16:00:00,16,4,50,1,1,47,43
47,商业区,2018-01-01 16:00:00,16,4,50,1,1,108,86
48,居住区,2018-01-01 16:00:00,16,4,50,1,1,58,74
49,交通枢纽,2018-01-01 16:00:00,16,4,50,1,1,56,50
50,校园,2018-01-01 16:00:00,16,4,50,1,1,78,80
1,地铁站,2018-01-01 17:00:00,17,3,55,1,1,92,98
2,商业区,2018-01-01 17:00:00,17,3,55,1,1,45,52
3,居住区,2018-01-01 17:00:00,17,3,55,1,1,50,48
4,交通枢纽,2018-01-01 17:00:00,17,3,55,1,1,65,83
5,校园,2018-01-01 17:00:00,17,3,55,1,1,56,47
6,地铁站,2018-01-01 17:00:00,17,3,55,1,1,105,103
7,商业区,2018-01-01 17:00:00,17,3,55,1,1,22,24
8,居住区,2018-01-01 17:00:00,17,3,55,1,1,41,40
9,交通枢纽,2018-01-01 17:00:00,17,3,55,1,1,61,62
10,校园,2018-01-01 17:00:00,17,3,55,1,1,66,61
11,地铁站,2018-01-01 17:00:00,17,3,55,1,1,95,91
12,商业区,2018-01-01 17:00:00,17,3,55,1,1,46,50
13,居住区,2018-01-01 17:00:00,17,3,55,1,1,37,43
14,交通枢纽,2018-01-01 17:00:00,17,3,55,1,1,51,57
15,校园,2018-01-01 17:00:00,17,3,55,1,1,62,79
16,地铁站,2018-01-01 17:00:00,17,3,55,1,1,82,77
17,商业区,2018-01-01 17:00:00,17,3,55,1,1,40,38
18,居住区,2018-01-01 17:00:00,17,3,55,1,1,53,40
19,交通枢纽,2018-01-01 17:00:00,17,3,55,1,1,45,37
20,校园,2018-01-01 17:00:00,17,3,55,1,1,68,85
21,地铁站,2018-01-01 17:00:00,17,3,55,1,1,84,81
22,商业区,2018-01-01 17:00:00,17,3,55,1,1,41,48
23,居住区,2018-01-01 17:00:00,17,3,55,1,1,37,38
24,交通枢纽,2018-01-01 17:00:00,17,3,55,1,1,69,74
25,校园,2018-01-01 17:00:00,17,3,55,1,1,59,67
26,地铁站,2018-01-01 17:00:00,17,3,55,1,1,39,42
27,商业区,2018-01-01 17:00:00,17,3,55,1,1,35,25
28,居住区,2018-01-01 17:00:00,17,3,55,1,1,50,60
29,交通枢纽,2018-01-01 17:00:00,17,3,55,1,1,56,64
30,校园,2018-01-01 17:00:00,17,3,55,1,1,76,90
31,地铁站,2018-01-01 17:00:00,17,3,55,1,1,115,127
32,商业区,2018-01-01 17:00:00,17,3,55,1,1,41,31
33,居住区,2018-01-01 17:00:00,17,3,55,1,1,43,37
34,交通枢纽,2018-01-01 17:00:00,17,3,55,1,1,82,79
35,校园,2018-01-01 17:00:00,17,3,55,1,1,59,63
36,地铁站,2018-01-01 17:00:00,17,3,55,1,1,87,109
37,商业区,2018-01-01 17:00:00,17,3,55,1,1,35,36
38,居住区,2018-01-01 17:00:00,17,3,55,1,1,39,31
39,交通枢纽,2018-01-01 17:00:00,17,3,55,1,1,50,49
40,校园,2018-01-01 17:00:00,17,3,55,1,1,52,46
41,地铁站,2018-01-01 17:00:00,17,3,55,1,1,62,61
42,商业区,2018-01-01 17:00:00,17,3,55,1,1,28,31
43,居住区,2018-01-01 17:00:00,17,3,55,1,1,47,36
44,交通枢纽,2018-01-01 17:00:00,17,3,55,1,1,54,47
45,校园,2018-01-01 17:00:00,17,3,55,1,1,61,73
46,地铁站,2018-01-01 17:00:00,17,3,55,1,1,54,54
47,商业区,2018-01-01 17:00:00,17,3,55,1,1,39,42
48,居住区,2018-01-01 17:00:00,17,3,55,1,1,48,42
49,交通枢纽,2018-01-01 17:00:00,17,3,55,1,1,54,47
50,校园,2018-01-01 17:00:00,17,3,55,1,1,70,70
1,地铁站,2018-01-01 18:00:00,18,2,60,1,1,96,95
2,商业区,2018-01-01 18:00:00,18,2,60,1,1,28,21
3,居住区,2018-01-01 18:00:00,18,2,60,1,1,23,17
4,交通枢纽,2018-01-01 18:00:00,18,2,60,1,1,49,52
5,校园,2018-01-01 18:00:00,18,2,60,1,1,32,36
6,地铁站,2018-01-01 18:00:00,18,2,60,1,1,63,64
7,商业区,2018-01-01 18:00:00,18,2,60,1,1,43,48
8,居住区,2018-01-01 18:00:00,18,2,60,1,1,35,30
9,交通枢纽,2018-01-01 18:00:00,18,2,60,1,1,26,23
10,校园,2018-01-01 18:00:00,18,2,60,1,1,44,37
11,地铁站,2018-01-01 18:00:00,18,2,60,1,1,68,68
12,商业区,2018-01-01 18:00:00,18,2,60,1,1,31,27
13,居住区,2018-01-01 18:00:00,18,2,60,1,1,38,40
14,交通枢纽,2018-01-01 18:00:00,18,2,60,1,1,36,43
15,校园,2018-01-01 18:00:00,18,2,60,1,1,45,45
16,地铁站,2018-01-01 18:00:00,18,2,60,1,1,80,82
17,商业区,2018-01-01 18:00:00,18,2,60,1,1,39,40
18,居住区,2018-01-01 18:00:00,18,2,60,1,1,32,33
19,交通枢纽,2018-01-01 18:00:00,18,2,60,1,1,36,36
20,校园,2018-01-01 18:00:00,18,2,60,1,1,46,44
21,地铁站,2018-01-01 18:00:00,18,2,60,1,1,68,48
22,商业区,2018-01-01 18:00:00,18,2,60,1,1,29,29
23,居住区,2018-01-01 18:00:00,18,2,60,1,1,38,32
24,交通枢纽,2018-01-01 18:00:00,18,2,60,1,1,58,50
25,校园,2018-01-01 18:00:00,18,2,60,1,1,55,58
26,地铁站,2018-01-01 18:00:00,18,2,60,1,1,61,77
27,商业区,2018-01-01 18:00:00,18,2,60,1,1,24,27
28,居住区,2018-01-01 18:00:00,18,2,60,1,1,44,39
29,交通枢纽,2018-01-01 18:00:00,18,2,60,1,1,59,56
30,校园,2018-01-01 18:00:00,18,2,60,1,1,49,50
31,地铁站,2018-01-01 18:00:00,18,2,60,1,1,68,76
32,商业区,2018-01-01 18:00:00,18,2,60,1,1,37,27
33,居住区,2018-01-01 18:00:00,18,2,60,1,1,47,35
34,交通枢纽,2018-01-01 18:00:00,18,2,60,1,1,56,65
35,校园,2018-01-01 18:00:00,18,2,60,1,1,36,33
36,地铁站,2018-01-01 18:00:00,18,2,60,1,1,54,52
37,商业区,2018-01-01 18:00:00,18,2,60,1,1,30,33
38,居住区,2018-01-01 18:00:00,18,2,60,1,1,47,56
39,交通枢纽,2018-01-01 18:00:00,18,2,60,1,1,41,39
40,校园,2018-01-01 18:00:00,18,2,60,1,1,31,27
41,地铁站,2018-01-01 18:00:00,18,2,60,1,1,83,103
42,商业区,2018-01-01 18:00:00,18,2,60,1,1,24,21
43,居住区,2018-01-01 18:00:00,18,2,60,1,1,37,38
44,交通枢纽,2018-01-01 18:00:00,18,2,60,1,1,39,41
45,校园,2018-01-01 18:00:00,18,2,60,1,1,42,41
46,地铁站,2018-01-01 18:00:00,18,2,60,1,1,77,77
47,商业区,2018-01-01 18:00:00,18,2,60,1,1,29,28
48,居住区,2018-01-01 18:00:00,18,2,60,1,1,36,34
49,交通枢纽,2018-01-01 18:00:00,18,2,60,1,1,44,54
50,校园,2018-01-01 18:00:00,18,2,60,1,1,52,49
1,地铁站,2018-01-01 19:00:00,19,1,64,1,1,67,63
2,商业区,2018-01-01 19:00:00,19,1,64,1,1,34,35
3,居住区,2018-01-01 19:00:00,19,1,64,1,1,31,33
4,交通枢纽,2018-01-01 19:00:00,19,1,64,1,1,27,22
5,校园,2018-01-01 19:00:00,19,1,64,1,1,30,30
6,地铁站,2018-01-01 19:00:00,19,1,64,1,1,79,105
7,商业区,2018-01-01 19:00:00,19,1,64,1,1,31,33
8,居住区,2018-01-01 19:00:00,19,1,64,1,1,20,18
9,交通枢纽,2018-01-01 19:00:00,19,1,64,1,1,33,29
10,校园,2018-01-01 19:00:00,19,1,64,1,1,38,35
11,地铁站,2018-01-01 19:00:00,19,1,64,1,1,35,38
12,商业区,2018-01-01 19:00:00,19,1,64,1,1,21,21
13,居住区,2018-01-01 19:00:00,19,1,64,1,1,44,37
14,交通枢纽,2018-01-01 19:00:00,19,1,64,1,1,19,18
15,校园,2018-01-01 19:00:00,19,1,64,1,1,48,62
16,地铁站,2018-01-01 19:00:00,19,1,64,1,1,44,47
17,商业区,2018-01-01 19:00:00,19,1,64,1,1,25,24
18,居住区,2018-01-01 19:00:00,19,1,64,1,1,48,37
19,交通枢纽,2018-01-01 19:00:00,19,1,64,1,1,41,43
20,校园,2018-01-01 19:00:00,19,1,64,1,1,48,48
21,地铁站,2018-01-01 19:00:00,19,1,64,1,1,63,59
22,商业区,2018-01-01 19:00:00,19,1,64,1,1,29,27
23,居住区,2018-01-01 19:00:00,19,1,64,1,1,35,33
24,交通枢纽,2018-01-01 19:00:00,19,1,64,1,1,42,41
25,校园,2018-01-01 19:00:00,19,1,64,1,1,48,47
26,地铁站,2018-01-01 19:00:00,19,1,64,1,1,38,45
27,商业区,2018-01-01 19:00:00,19,1,64,1,1,22,19
28,居住区,2018-01-01 19:00:00,19,1,64,1,1,27,32
29,交通枢纽,2018-01-01 19:00:00,19,1,64,1,1,22,32
30,校园,2018-01-01 19:00:00,19,1,64,1,1,47,48
31,地铁站,2018-01-01 19:00:00,19,1,64,1,1,58,60
32,商业区,2018-01-01 19:00:00,19,1,64,1,1,30,32
33,居住区,2018-01-01 19:00:00,19,1,64,1,1,35,35
34,交通枢纽,2018-01-01 19:00:00,19,1,64,1,1,38,37
35,校园,2018-01-01 19:00:00,19,1,64,1,1,38,44
36,地铁站,2018-01-01 19:00:00,19,1,64,1,1,66,36
37,商业区,2018-01-01 19:00:00,19,1,64,1,1,31,31
38,居住区,2018-01-01 19:00:00,19,1,64,1,1,31,29
39,交通枢纽,2018-01-01 19:00:00,19,1,64,1,1,48,54
40,校园,2018-01-01 19:00:00,19,1,64,1,1,33,35
41,地铁站,2018-01-01 19:00:00,19,1,64,1,1,47,37
42,商业区,2018-01-01 19:00:00,19,1,64,1,1,24,27
43,居住区,2018-01-01 19:00:00,19,1,64,1,1,37,39
44,交通枢纽,2018-01-01 19:00:00,19,1,64,1,1,45,48
45,校园,2018-01-01 19:00:00,19,1,64,1,1,34,36
46,地铁站,2018-01-01 19:00:00,19,1,64,1,1,68,75
47,商业区,2018-01-01 19:00:00,19,1,64,1,1,34,37
48,居住区,2018-01-01 19:00:00,19,1,64,1,1,33,38
49,交通枢纽,2018-01-01 19:00:00,19,1,64,1,1,39,33
50,校园,2018-01-01 19:00:00,19,1,64,1,1,38,33
1,地铁站,2018-01-01 20:00:00,20,0,68,1,1,16,15
2,商业区,2018-01-01 20:00:00,20,0,68,1,1,18,17
3,居住区,2018-01-01 20:00:00,20,0,68,1,1,27,27
4,交通枢纽,2018-01-01 20:00:00,20,0,68,1,1,31,27
5,校园,2018-01-01 20:00:00,20,0,68,1,1,35,39
6,地铁站,2018-01-01 20:00:00,20,0,68,1,1,12,10
7,商业区,2018-01-01 20:00:00,20,0,68,1,1,18,15
8,居住区,2018-01-01 20:00:00,20,0,68,1,1,50,48
9,交通枢纽,2018-01-01 20:00:00,20,0,68,1,1,29,20
10,校园,2018-01-01 20:00:00,20,0,68,1,1,35,28
11,地铁站,2018-01-01 20:00:00,20,0,68,1,1,18,18
12,商业区,2018-01-01 20:00:00,20,0,68,1,1,27,21
13,居住区,2018-01-01 20:00:00,20,0,68,1,1,17,17
14,交通枢纽,2018-01-01 20:00:00,20,0,68,1,1,42,49
15,校园,2018-01-01 20:00:00,20,0,68,1,1,32,29
16,地铁站,2018-01-01 20:00:00,20,0,68,1,1,21,17
17,商业区,2018-01-01 20:00:00,20,0,68,1,1,23,24
18,居住区,2018-01-01 20:00:00,20,0,68,1,1,52,73
19,交通枢纽,2018-01-01 20:00:00,20,0,68,1,1,33,30
20,校园,2018-01-01 20:00:00,20,0,68,1,1,31,22
21,地铁站,2018-01-01 20:00:00,20,0,68,1,1,16,15
22,商业区,2018-01-01 20:00:00,20,0,68,1,1,19,19
23,居住区,2018-01-01 20:00:00,20,0,68,1,1,36,42
24,交通枢纽,2018-01-01 20:00:00,20,0,68,1,1,31,30
25,校园,2018-01-01 20:00:00,20,0,68,1,1,29,29
26,地铁站,2018-01-01 20:00:00,20,0,68,1,1,21,18
27,商业区,2018-01-01 20:00:00,20,0,68,1,1,18,17
28,居住区,2018-01-01 20:00:00,20,0,68,1,1,31,27
29,交通枢纽,2018-01-01 20:00:00,20,0,68,1,1,28,31
30,校园,2018-01-01 20:00:00,20,0,68,1,1,32,32
31,地铁站,2018-01-01 20:00:00,20,0,68,1,1,21,20
32,商业区,2018-01-01 20:00:00,20,0,68,1,1,23,22
33,居住区,2018-01-01 20:00:00,20,0,68,1,1,45,41
34,交通枢纽,2018-01-01 20:00:00,20,0,68,1,1,15,14
35,校园,2018-01-01 20:00:00,20,0,68,1,1,40,45
36,地铁站,2018-01-01 20:00:00,20,0,68,1,1,22,26
37,商业区,2018-01-01 20:00:00,20,0,68,1,1,22,22
38,居住区,2018-01-01 20:00:00,20,0,68,1,1,38,36
39,交通枢纽,2018-01-01 20:00:00,20,0,68,1,1,35,41
40,校园,2018-01-01 20:00:00,20,0,68,1,1,30,27
41,地铁站,2018-01-01 20:00:00,20,0,68,1,1,18,19
42,商业区,2018-01-01 20:00:00,20,0,68,1,1,15,9
43,居住区,2018-01-01 20:00:00,20,0,68,1,1,38,31
44,交通枢纽,2018-01-01 20:00:00,20,0,68,1,1,28,27
45,校园,2018-01-01 20:00:00,20,0,68,1,1,28,34
46,地铁站,2018-01-01 20:00:00,20,0,68,1,1,19,19
47,商业区,2018-01-01 20:00:00,20,0,68,1,1,24,19
48,居住区,2018-01-01 20:00:00,20,0,68,1,1,52,51
49,交通枢纽,2018-01-01 20:00:00,20,0,68,1,1,35,29
50,校园,2018-01-01 20:00:00,20,0,68,1,1,21,23
1,地铁站,2018-01-01 21:00:00,21,-1,70,1,1,14,12
2,商业区,2018-01-01 21:00:00,21,-1,70,1,1,12,14
3,居住区,2018-01-01 21:00:00,21,-1,70,1,1,23,28
4,交通枢纽,2018-01-01 21:00:00,21,-1,70,1,1,18,19
5,校园,2018-01-01 21:00:00,21,-1,70,1,1,20,21
6,地铁站,2018-01-01 21:00:00,21,-1,70,1,1,11,10
7,商业区,2018-01-01 21:00:00,21,-1,70,1,1,15,12
8,居住区,2018-01-01 21:00:00,21,-1,70,1,1,36,33
9,交通枢纽,2018-01-01 21:00:00,21,-1,70,1,1,21,17
10,校园,2018-01-01 21:00:00,21,-1,70,1,1,10,9
11,地铁站,2018-01-01 21:00:00,21,-1,70,1,1,19,21
12,商业区,2018-01-01 21:00:00,21,-1,70,1,1,15,14
13,居住区,2018-01-01 21:00:00,21,-1,70,1,1,31,33
14,交通枢纽,2018-01-01 21:00:00,21,-1,70,1,1,17,19
15,校园,2018-01-01 21:00:00,21,-1,70,1,1,25,27
16,地铁站,2018-01-01 21:00:00,21,-1,70,1,1,14,14
17,商业区,2018-01-01 21:00:00,21,-1,70,1,1,17,18
18,居住区,2018-01-01 21:00:00,21,-1,70,1,1,29,26
19,交通枢纽,2018-01-01 21:00:00,21,-1,70,1,1,22,27
20,校园,2018-01-01 21:00:00,21,-1,70,1,1,16,12
21,地铁站,2018-01-01 21:00:00,21,-1,70,1,1,13,13
22,商业区,2018-01-01 21:00:00,21,-1,70,1,1,16,16
23,居住区,2018-01-01 21:00:00,21,-1,70,1,1,29,35
24,交通枢纽,2018-01-01 21:00:00,21,-1,70,1,1,15,13
25,校园,2018-01-01 21:00:00,21,-1,70,1,1,21,15
26,地铁站,2018-01-01 21:00:00,21,-1,70,1,1,12,14
27,商业区,2018-01-01 21:00:00,21,-1,70,1,1,15,15
28,居住区,2018-01-01 21:00:00,21,-1,70,1,1,23,20
29,交通枢纽,2018-01-01 21:00:00,21,-1,70,1,1,20,19
30,校园,2018-01-01 21:00:00,21,-1,70,1,1,28,30
31,地铁站,2018-01-01 21:00:00,21,-1,70,1,1,10,10
32,商业区,2018-01-01 21:00:00,21,-1,70,1,1,17,19
33,居住区,2018-01-01 21:00:00,21,-1,70,1,1,41,34
34,交通枢纽,2018-01-01 21:00:00,21,-1,70,1,1,18,14
35,校园,2018-01-01 21:00:00,21,-1,70,1,1,21,22
36,地铁站,2018-01-01 21:00:00,21,-1,70,1,1,16,15
37,商业区,2018-01-01 21:00:00,21,-1,70,1,1,14,14
38,居住区,2018-01-01 21:00:00,21,-1,70,1,1,26,34
39,交通枢纽,2018-01-01 21:00:00,21,-1,70,1,1,15,15
40,校园,2018-01-01 21:00:00,21,-1,70,1,1,31,31
41,地铁站,2018-01-01 21:00:00,21,-1,70,1,1,12,11
42,商业区,2018-01-01 21:00:00,21,-1,70,1,1,15,18
43,居住区,2018-01-01 21:00:00,21,-1,70,1,1,17,20
44,交通枢纽,2018-01-01 21:00:00,21,-1,70,1,1,16,15
45,校园,2018-01-01 21:00:00,21,-1,70,1,1,20,21
46,地铁站,2018-01-01 21:00:00,21,-1,70,1,1,9,9
47,商业区,2018-01-01 21:00:00,21,-1,70,1,1,22,17
48,居住区,2018-01-01 21:00:00,21,-1,70,1,1,32,28
49,交通枢纽,2018-01-01 21:00:00,21,-1,70,1,1,24,24
50,校园,2018-01-01 21:00:00,21,-1,70,1,1,19,20
1,地铁站,2018-01-01 22:00:00,22,-1,71,1,1,12,11
2,商业区,2018-01-01 22:00:00,22,-1,71,1,1,12,9
3,居住区,2018-01-01 22:00:00,22,-1,71,1,1,17,18
4,交通枢纽,2018-01-01 22:00:00,22,-1,71,1,1,20,21
5,校园,2018-01-01 22:00:00,22,-1,71,1,1,14,13
6,地铁站,2018-01-01 22:00:00,22,-1,71,1,1,7,7
7,商业区,2018-01-01 22:00:00,22,-1,71,1,1,12,11
8,居住区,2018-01-01 22:00:00,22,-1,71,1,1,19,19
9,交通枢纽,2018-01-01 22:00:00,22,-1,71,1,1,14,13
10,校园,2018-01-01 22:00:00,22,-1,71,1,1,22,21
11,地铁站,2018-01-01 22:00:00,22,-1,71,1,1,8,7
12,商业区,2018-01-01 22:00:00,22,-1,71,1,1,12,11
13,居住区,2018-01-01 22:00:00,22,-1,71,1,1,19,22
14,交通枢纽,2018-01-01 22:00:00,22,-1,71,1,1,20,18
15,校园,2018-01-01 22:00:00,22,-1,71,1,1,9,10
16,地铁站,2018-01-01 22:00:00,22,-1,71,1,1,8,8
17,商业区,2018-01-01 22:00:00,22,-1,71,1,1,6,6
18,居住区,2018-01-01 22:00:00,22,-1,71,1,1,16,17
19,交通枢纽,2018-01-01 22:00:00,22,-1,71,1,1,15,12
20,校园,2018-01-01 22:00:00,22,-1,71,1,1,14,15
21,地铁站,2018-01-01 22:00:00,22,-1,71,1,1,9,9
22,商业区,2018-01-01 22:00:00,22,-1,71,1,1,15,11
23,居住区,2018-01-01 22:00:00,22,-1,71,1,1,28,28
24,交通枢纽,2018-01-01 22:00:00,22,-1,71,1,1,12,9
25,校园,2018-01-01 22:00:00,22,-1,71,1,1,15,17
26,地铁站,2018-01-01 22:00:00,22,-1,71,1,1,9,11
27,商业区,2018-01-01 22:00:00,22,-1,71,1,1,7,6
28,居住区,2018-01-01 22:00:00,22,-1,71,1,1,16,16
29,交通枢纽,2018-01-01 22:00:00,22,-1,71,1,1,18,16
30,校园,2018-01-01 22:00:00,22,-1,71,1,1,7,7
31,地铁站,2018-01-01 22:00:00,22,-1,71,1,1,10,10
32,商业区,2018-01-01 22:00:00,22,-1,71,1,1,13,10
33,居住区,2018-01-01 22:00:00,22,-1,71,1,1,24,28
34,交通枢纽,2018-01-01 22:00:00,22,-1,71,1,1,10,10
35,校园,2018-01-01 22:00:00,22,-1,71,1,1,14,13
36,地铁站,2018-01-01 22:00:00,22,-1,71,1,1,10,9
37,商业区,2018-01-01 22:00:00,22,-1,71,1,1,9,9
38,居住区,2018-01-01 22:00:00,22,-1,71,1,1,17,14
39,交通枢纽,2018-01-01 22:00:00,22,-1,71,1,1,17,14
40,校园,2018-01-01 22:00:00,22,-1,71,1,1,17,18
41,地铁站,2018-01-01 22:00:00,22,-1,71,1,1,6,5
42,商业区,2018-01-01 22:00:00,22,-1,71,1,1,13,11
43,居住区,2018-01-01 22:00:00,22,-1,71,1,1,19,20
44,交通枢纽,2018-01-01 22:00:00,22,-1,71,1,1,18,17
45,校园,2018-01-01 22:00:00,22,-1,71,1,1,13,15
46,地铁站,2018-01-01 22:00:00,22,-1,71,1,1,12,13
47,商业区,2018-01-01 22:00:00,22,-1,71,1,1,11,9
48,居住区,2018-01-01 22:00:00,22,-1,71,1,1,18,19
49,交通枢纽,2018-01-01 22:00:00,22,-1,71,1,1,16,19
50,校园,2018-01-01 22:00:00,22,-1,71,1,1,17,13
1,地铁站,2018-01-01 23:00:00,23,-2,72,1,1,7,5
2,商业区,2018-01-01 23:00:00,23,-2,72,1,1,6,6
3,居住区,2018-01-01 23:00:00,23,-2,72,1,1,11,16
4,交通枢纽,2018-01-01 23:00:00,23,-2,72,1,1,11,10
5,校园,2018-01-01 23:00:00,23,-2,72,1,1,11,12
6,地铁站,2018-01-01 23:00:00,23,-2,72,1,1,5,6
7,商业区,2018-01-01 23:00:00,23,-2,72,1,1,7,7
8,居住区,2018-01-01 23:00:00,23,-2,72,1,1,9,9
9,交通枢纽,2018-01-01 23:00:00,23,-2,72,1,1,12,10
10,校园,2018-01-01 23:00:00,23,-2,72,1,1,9,7
11,地铁站,2018-01-01 23:00:00,23,-2,72,1,1,6,6
12,商业区,2018-01-01 23:00:00,23,-2,72,1,1,7,8
13,居住区,2018-01-01 23:00:00,23,-2,72,1,1,8,8
14,交通枢纽,2018-01-01 23:00:00,23,-2,72,1,1,8,7
15,校园,2018-01-01 23:00:00,23,-2,72,1,1,11,12
16,地铁站,2018-01-01 23:00:00,23,-2,72,1,1,5,4
17,商业区,2018-01-01 23:00:00,23,-2,72,1,1,5,4
18,居住区,2018-01-01 23:00:00,23,-2,72,1,1,9,9
19,交通枢纽,2018-01-01 23:00:00,23,-2,72,1,1,11,11
20,校园,2018-01-01 23:00:00,23,-2,72,1,1,10,9
21,地铁站,2018-01-01 23:00:00,23,-2,72,1,1,7,7
22,商业区,2018-01-01 23:00:00,23,-2,72,1,1,7,6
23,居住区,2018-01-01 23:00:00,23,-2,72,1,1,4,4
24,交通枢纽,2018-01-01 23:00:00,23,-2,72,1,1,9,7
25,校园,2018-01-01 23:00:00,23,-2,72,1,1,11,10
26,地铁站,2018-01-01 23:00:00,23,-2,72,1,1,7,7
27,商业区,2018-01-01 23:00:00,23,-2,72,1,1,8,6
28,居住区,2018-01-01 23:00:00,23,-2,72,1,1,10,10
29,交通枢纽,2018-01-01 23:00:00,23,-2,72,1,1,9,9
30,校园,2018-01-01 23:00:00,23,-2,72,1,1,6,6
31,地铁站,2018-01-01 23:00:00,23,-2,72,1,1,4,3
32,商业区,2018-01-01 23:00:00,23,-2,72,1,1,5,5
33,居住区,2018-01-01 23:00:00,23,-2,72,1,1,7,8
34,交通枢纽,2018-01-01 23:00:00,23,-2,72,1,1,9,6
35,校园,2018-01-01 23:00:00,23,-2,72,1,1,8,9
36,地铁站,2018-01-01 23:00:00,23,-2,72,1,1,6,5
37,商业区,2018-01-01 23:00:00,23,-2,72,1,1,7,7
38,居住区,2018-01-01 23:00:00,23,-2,72,1,1,10,12
39,交通枢纽,2018-01-01 23:00:00,23,-2,72,1,1,9,7
40,校园,2018-01-01 23:00:00,23,-2,72,1,1,9,9
41,地铁站,2018-01-01 23:00:00,23,-2,72,1,1,5,4
42,商业区,2018-01-01 23:00:00,23,-2,72,1,1,7,6
43,居住区,2018-01-01 23:00:00,23,-2,72,1,1,8,7
44,交通枢纽,2018-01-01 23:00:00,23,-2,72,1,1,9,7
45,校园,2018-01-01 23:00:00,23,-2,72,1,1,12,13
46,地铁站,2018-01-01 23:00:00,23,-2,72,1,1,3,2
47,商业区,2018-01-01 23:00:00,23,-2,72,1,1,5,4
48,居住区,2018-01-01 23:00:00,23,-2,72,1,1,8,6
49,交通枢纽,2018-01-01 23:00:00,23,-2,72,1,1,8,6
50,校园,2018-01-01 23:00:00,23,-2,72,1,1,10,10
1,地铁站,2018-01-02 00:00:00,0,-2,70,1,0,2,2
2,商业区,2018-01-02 00:00:00,0,-2,70,1,0,3,2
3,居住区,2018-01-02 00:00:00,0,-2,70,1,0,5,6
4,交通枢纽,2018-01-02 00:00:00,0,-2,70,1,0,4,4
5,校园,2018-01-02 00:00:00,0,-2,70,1,0,6,4
6,地铁站,2018-01-02 00:00:00,0,-2,70,1,0,3,3
7,商业区,2018-01-02 00:00:00,0,-2,70,1,0,3,2
8,居住区,2018-01-02 00:00:00,0,-2,70,1,0,5,5
9,交通枢纽,2018-01-02 00:00:00,0,-2,70,1,0,6,6
10,校园,2018-01-02 00:00:00,0,-2,70,1,0,6,4
11,地铁站,2018-01-02 00:00:00,0,-2,70,1,0,4,4
12,商业区,2018-01-02 00:00:00,0,-2,70,1,0,3,2
13,居住区,2018-01-02 00:00:00,0,-2,70,1,0,3,3
14,交通枢纽,2018-01-02 00:00:00,0,-2,70,1,0,6,5
15,校园,2018-01-02 00:00:00,0,-2,70,1,0,6,5
16,地铁站,2018-01-02 00:00:00,0,-2,70,1,0,3,2
17,商业区,2018-01-02 00:00:00,0,-2,70,1,0,3,2
18,居住区,2018-01-02 00:00:00,0,-2,70,1,0,4,3
19,交通枢纽,2018-01-02 00:00:00,0,-2,70,1,0,5,5
20,校园,2018-01-02 00:00:00,0,-2,70,1,0,5,3
21,地铁站,2018-01-02 00:00:00,0,-2,70,1,0,4,4
22,商业区,2018-01-02 00:00:00,0,-2,70,1,0,2,2
23,居住区,2018-01-02 00:00:00,0,-2,70,1,0,4,4
24,交通枢纽,2018-01-02 00:00:00,0,-2,70,1,0,5,4
25,校园,2018-01-02 00:00:00,0,-2,70,1,0,4,3
26,地铁站,2018-01-02 00:00:00,0,-2,70,1,0,2,1
27,商业区,2018-01-02 00:00:00,0,-2,70,1,0,3,2
28,居住区,2018-01-02 00:00:00,0,-2,70,1,0,5,6
29,交通枢纽,2018-01-02 00:00:00,0,-2,70,1,0,4,4
30,校园,2018-01-02 00:00:00,0,-2,70,1,0,6,6
31,地铁站,2018-01-02 00:00:00,0,-2,70,1,0,3,3
32,商业区,2018-01-02 00:00:00,0,-2,70,1,0,4,3
33,居住区,2018-01-02 00:00:00,0,-2,70,1,0,5,5
34,交通枢纽,2018-01-02 00:00:00,0,-2,70,1,0,4,4
35,校园,2018-01-02 00:00:00,0,-2,70,1,0,6,5
36,地铁站,2018-01-02 00:00:00,0,-2,70,1,0,4,5
37,商业区,2018-01-02 00:00:00,0,-2,70,1,0,3,2
38,居住区,2018-01-02 00:00:00,0,-2,70,1,0,4,4
39,交通枢纽,2018-01-02 00:00:00,0,-2,70,1,0,5,6
40,校园,2018-01-02 00:00:00,0,-2,70,1,0,4,4
41,地铁站,2018-01-02 00:00:00,0,-2,70,1,0,2,2
42,商业区,2018-01-02 00:00:00,0,-2,70,1,0,5,4
43,居住区,2018-01-02 00:00:00,0,-2,70,1,0,3,3
44,交通枢纽,2018-01-02 00:00:00,0,-2,70,1,0,5,4
45,校园,2018-01-02 00:00:00,0,-2,70,1,0,5,3
46,地铁站,2018-01-02 00:00:00,0,-2,70,1,0,3,2
47,商业区,2018-01-02 00:00:00,0,-2,70,1,0,3,3
48,居住区,2018-01-02 00:00:00,0,-2,70,1,0,3,3
49,交通枢纽,2018-01-02 00:00:00,0,-2,70,1,0,5,4
50,校园,2018-01-02 00:00:00,0,-2,70,1,0,6,6
1,地铁站,2018-01-02 01:00:00,1,-3,74,1,0,2,2
2,商业区,2018-01-02 01:00:00,1,-3,74,1,0,2,1
3,居住区,2018-01-02 01:00:00,1,-3,74,1,0,2,1
4,交通枢纽,2018-01-02 01:00:00,1,-3,74,1,0,6,7
5,校园,2018-01-02 01:00:00,1,-3,74,1,0,2,1
6,地铁站,2018-01-02 01:00:00,1,-3,74,1,0,2,2
7,商业区,2018-01-02 01:00:00,1,-3,74,1,0,2,1
8,居住区,2018-01-02 01:00:00,1,-3,74,1,0,2,2
9,交通枢纽,2018-01-02 01:00:00,1,-3,74,1,0,3,2
10,校园,2018-01-02 01:00:00,1,-3,74,1,0,3,2
11,地铁站,2018-01-02 01:00:00,1,-3,74,1,0,2,2
12,商业区,2018-01-02 01:00:00,1,-3,74,1,0,2,1
13,居住区,2018-01-02 01:00:00,1,-3,74,1,0,3,3
14,交通枢纽,2018-01-02 01:00:00,1,-3,74,1,0,4,4
15,校园,2018-01-02 01:00:00,1,-3,74,1,0,5,4
16,地铁站,2018-01-02 01:00:00,1,-3,74,1,0,2,1
17,商业区,2018-01-02 01:00:00,1,-3,74,1,0,2,1
18,居住区,2018-01-02 01:00:00,1,-3,74,1,0,2,1
19,交通枢纽,2018-01-02 01:00:00,1,-3,74,1,0,4,4
20,校园,2018-01-02 01:00:00,1,-3,74,1,0,2,2
21,地铁站,2018-01-02 01:00:00,1,-3,74,1,0,1,0
22,商业区,2018-01-02 01:00:00,1,-3,74,1,0,2,1
23,居住区,2018-01-02 01:00:00,1,-3,74,1,0,4,4
24,交通枢纽,2018-01-02 01:00:00,1,-3,74,1,0,2,1
25,校园,2018-01-02 01:00:00,1,-3,74,1,0,4,5
26,地铁站,2018-01-02 01:00:00,1,-3,74,1,0,1,0
27,商业区,2018-01-02 01:00:00,1,-3,74,1,0,3,3
28,居住区,2018-01-02 01:00:00,1,-3,74,1,0,2,2
29,交通枢纽,2018-01-02 01:00:00,1,-3,74,1,0,1,1
30,校园,2018-01-02 01:00:00,1,-3,74,1,0,4,4
31,地铁站,2018-01-02 01:00:00,1,-3,74,1,0,1,1
32,商业区,2018-01-02 01:00:00,1,-3,74,1,0,2,2
33,居住区,2018-01-02 01:00:00,1,-3,74,1,0,2,1
34,交通枢纽,2018-01-02 01:00:00,1,-3,74,1,0,3,3
35,校园,2018-01-02 01:00:00,1,-3,74,1,0,4,3
36,地铁站,2018-01-02 01:00:00,1,-3,74,1,0,2,1
37,商业区,2018-01-02 01:00:00,1,-3,74,1,0,2,1
38,居住区,2018-01-02 01:00:00,1,-3,74,1,0,4,3
39,交通枢纽,2018-01-02 01:00:00,1,-3,74,1,0,4,4
40,校园,2018-01-02 01:00:00,1,-3,74,1,0,4,5
41,地铁站,2018-01-02 01:00:00,1,-3,74,1,0,2,2
42,商业区,2018-01-02 01:00:00,1,-3,74,1,0,2,2
43,居住区,2018-01-02 01:00:00,1,-3,74,1,0,3,2
44,交通枢纽,2018-01-02 01:00:00,1,-3,74,1,0,2,1
45,校园,2018-01-02 01:00:00,1,-3,74,1,0,3,2
46,地铁站,2018-01-02 01:00:00,1,-3,74,1,0,2,1
47,商业区,2018-01-02 01:00:00,1,-3,74,1,0,2,2
48,居住区,2018-01-02 01:00:00,1,-3,74,1,0,3,1
49,交通枢纽,2018-01-02 01:00:00,1,-3,74,1,0,3,3
50,校园,2018-01-02 01:00:00,1,-3,74,1,0,4,3
1,地铁站,2018-01-02 02:00:00,2,-3,76,1,0,1,1
2,商业区,2018-01-02 02:00:00,2,-3,76,1,0,1,0
3,居住区,2018-01-02 02:00:00,2,-3,76,1,0,2,1
4,交通枢纽,2018-01-02 02:00:00,2,-3,76,1,0,2,1
5,校园,2018-01-02 02:00:00,2,-3,76,1,0,3,3
6,地铁站,2018-01-02 02:00:00,2,-3,76,1,0,2,1
7,商业区,2018-01-02 02:00:00,2,-3,76,1,0,2,1
8,居住区,2018-01-02 02:00:00,2,-3,76,1,0,2,2
9,交通枢纽,2018-01-02 02:00:00,2,-3,76,1,0,2,2
10,校园,2018-01-02 02:00:00,2,-3,76,1,0,3,3
11,地铁站,2018-01-02 02:00:00,2,-3,76,1,0,2,2
12,商业区,2018-01-02 02:00:00,2,-3,76,1,0,2,2
13,居住区,2018-01-02 02:00:00,2,-3,76,1,0,2,1
14,交通枢纽,2018-01-02 02:00:00,2,-3,76,1,0,3,3
15,校园,2018-01-02 02:00:00,2,-3,76,1,0,2,1
16,地铁站,2018-01-02 02:00:00,2,-3,76,1,0,1,1
17,商业区,2018-01-02 02:00:00,2,-3,76,1,0,2,2
18,居住区,2018-01-02 02:00:00,2,-3,76,1,0,3,3
19,交通枢纽,2018-01-02 02:00:00,2,-3,76,1,0,3,3
20,校园,2018-01-02 02:00:00,2,-3,76,1,0,2,2
21,地铁站,2018-01-02 02:00:00,2,-3,76,1,0,2,1
22,商业区,2018-01-02 02:00:00,2,-3,76,1,0,1,0
23,居住区,2018-01-02 02:00:00,2,-3,76,1,0,1,0
24,交通枢纽,2018-01-02 02:00:00,2,-3,76,1,0,2,1
25,校园,2018-01-02 02:00:00,2,-3,76,1,0,3,3
26,地铁站,2018-01-02 02:00:00,2,-3,76,1,0,1,1
27,商业区,2018-01-02 02:00:00,2,-3,76,1,0,2,2
28,居住区,2018-01-02 02:00:00,2,-3,76,1,0,2,2
29,交通枢纽,2018-01-02 02:00:00,2,-3,76,1,0,2,2
30,校园,2018-01-02 02:00:00,2,-3,76,1,0,3,3
31,地铁站,2018-01-02 02:00:00,2,-3,76,1,0,1,0
32,商业区,2018-01-02 02:00:00,2,-3,76,1,0,2,1
33,居住区,2018-01-02 02:00:00,2,-3,76,1,0,2,1
34,交通枢纽,2018-01-02 02:00:00,2,-3,76,1,0,3,2
35,校园,2018-01-02 02:00:00,2,-3,76,1,0,3,3
36,地铁站,2018-01-02 02:00:00,2,-3,76,1,0,1,1
37,商业区,2018-01-02 02:00:00,2,-3,76,1,0,2,1
38,居住区,2018-01-02 02:00:00,2,-3,76,1,0,1,0
39,交通枢纽,2018-01-02 02:00:00,2,-3,76,1,0,3,2
40,校园,2018-01-02 02:00:00,2,-3,76,1,0,3,2
41,地铁站,2018-01-02 02:00:00,2,-3,76,1,0,2,1
42,商业区,2018-01-02 02:00:00,2,-3,76,1,0,1,1
43,居住区,2018-01-02 02:00:00,2,-3,76,1,0,2,2
44,交通枢纽,2018-01-02 02:00:00,2,-3,76,1,0,3,2
45,校园,2018-01-02 02:00:00,2,-3,76,1,0,3,3
46,地铁站,2018-01-02 02:00:00,2,-3,76,1,0,1,0
47,商业区,2018-01-02 02:00:00,2,-3,76,1,0,2,1
48,居住区,2018-01-02 02:00:00,2,-3,76,1,0,2,2
49,交通枢纽,2018-01-02 02:00:00,2,-3,76,1,0,3,2
50,校园,2018-01-02 02:00:00,2,-3,76,1,0,3,3
1,地铁站,2018-01-02 03:00:00,3,-4,78,1,0,1,1
2,商业区,2018-01-02 03:00:00,3,-4,78,1,0,2,2
3,居住区,2018-01-02 03:00:00,3,-4,78,1,0,1,1
4,交通枢纽,2018-01-02 03:00:00,3,-4,78,1,0,2,2
5,校园,2018-01-02 03:00:00,3,-4,78,1,0,2,2
6,地铁站,2018-01-02 03:00:00,3,-4,78,1,0,1,1
7,商业区,2018-01-02 03:00:00,3,-4,78,1,0,1,0
8,居住区,2018-01-02 03:00:00,3,-4,78,1,0,1,0
9,交通枢纽,2018-01-02 03:00:00,3,-4,78,1,0,2,2
10,校园,2018-01-02 03:00:00,3,-4,78,1,0,1,1
11,地铁站,2018-01-02 03:00:00,3,-4,78,1,0,1,0
12,商业区,2018-01-02 03:00:00,3,-4,78,1,0,1,1
13,居住区,2018-01-02 03:00:00,3,-4,78,1,0,2,2
14,交通枢纽,2018-01-02 03:00:00,3,-4,78,1,0,2,2
15,校园,2018-01-02 03:00:00,3,-4,78,1,0,1,0
16,地铁站,2018-01-02 03:00:00,3,-4,78,1,0,1,1
17,商业区,2018-01-02 03:00:00,3,-4,78,1,0,1,0
18,居住区,2018-01-02 03:00:00,3,-4,78,1,0,2,1
19,交通枢纽,2018-01-02 03:00:00,3,-4,78,1,0,2,2
20,校园,2018-01-02 03:00:00,3,-4,78,1,0,2,2
21,地铁站,2018-01-02 03:00:00,3,-4,78,1,0,1,1
22,商业区,2018-01-02 03:00:00,3,-4,78,1,0,1,1
23,居住区,2018-01-02 03:00:00,3,-4,78,1,0,0,0
24,交通枢纽,2018-01-02 03:00:00,3,-4,78,1,0,2,1
25,校园,2018-01-02 03:00:00,3,-4,78,1,0,2,1
26,地铁站,2018-01-02 03:00:00,3,-4,78,1,0,1,1
27,商业区,2018-01-02 03:00:00,3,-4,78,1,0,1,0
28,居住区,2018-01-02 03:00:00,3,-4,78,1,0,1,0
29,交通枢纽,2018-01-02 03:00:00,3,-4,78,1,0,2,1
30,校园,2018-01-02 03:00:00,3,-4,78,1,0,1,1
31,地铁站,2018-01-02 03:00:00,3,-4,78,1,0,1,0
32,商业区,2018-01-02 03:00:00,3,-4,78,1,0,1,0
33,居住区,2018-01-02 03:00:00,3,-4,78,1,0,1,1
34,交通枢纽,2018-01-02 03:00:00,3,-4,78,1,0,2,2
35,校园,2018-01-02 03:00:00,3,-4,78,1,0,1,0
36,地铁站,2018-01-02 03:00:00,3,-4,78,1,0,1,0
37,商业区,2018-01-02 03:00:00,3,-4,78,1,0,1,0
38,居住区,2018-01-02 03:00:00,3,-4,78,1,0,1,0
39,交通枢纽,2018-01-02 03:00:00,3,-4,78,1,0,2,1
40,校园,2018-01-02 03:00:00,3,-4,78,1,0,2,2
41,地铁站,2018-01-02 03:00:00,3,-4,78,1,0,1,0
42,商业区,2018-01-02 03:00:00,3,-4,78,1,0,1,0
43,居住区,2018-01-02 03:00:00,3,-4,78,1,0,1,0
44,交通枢纽,2018-01-02 03:00:00,3,-4,78,1,0,1,0
45,校园,2018-01-02 03:00:00,3,-4,78,1,0,1,1
46,地铁站,2018-01-02 03:00:00,3,-4,78,1,0,1,0
47,商业区,2018-01-02 03:00:00,3,-4,78,1,0,1,0
48,居住区,2018-01-02 03:00:00,3,-4,78,1,0,1,0
49,交通枢纽,2018-01-02 03:00:00,3,-4,78,1,0,2,1
50,校园,2018-01-02 03:00:00,3,-4,78,1,0,2,2
1,地铁站,2018-01-02 04:00:00,4,-4,79,1,0,1,1
2,商业区,2018-01-02 04:00:00,4,-4,79,1,0,1,0
3,居住区,2018-01-02 04:00:00,4,-4,79,1,0,1,0
4,交通枢纽,2018-01-02 04:00:00,4,-4,79,1,0,1,0
5,校园,2018-01-02 04:00:00,4,-4,79,1,0,2,1
6,地铁站,2018-01-02 04:00:00,4,-4,79,1,0,1,0
7,商业区,2018-01-02 04:00:00,4,-4,79,1,0,1,0
8,居住区,2018-01-02 04:00:00,4,-4,79,1,0,2,2
9,交通枢纽,2018-01-02 04:00:00,4,-4,79,1,0,2,2
10,校园,2018-01-02 04:00:00,4,-4,79,1,0,2,1
11,地铁站,2018-01-02 04:00:00,4,-4,79,1,0,1,1
12,商业区,2018-01-02 04:00:00,4,-4,79,1,0,1,0
13,居住区,2018-01-02 04:00:00,4,-4,79,1,0,1,1
14,交通枢纽,2018-01-02 04:00:00,4,-4,79,1,0,2,1
15,校园,2018-01-02 04:00:00,4,-4,79,1,0,2,1
16,地铁站,2018-01-02 04:00:00,4,-4,79,1,0,0,0
17,商业区,2018-01-02 04:00:00,4,-4,79,1,0,1,0
18,居住区,2018-01-02 04:00:00,4,-4,79,1,0,1,0
19,交通枢纽,2018-01-02 04:00:00,4,-4,79,1,0,2,2
20,校园,2018-01-02 04:00:00,4,-4,79,1,0,2,1
21,地铁站,2018-01-02 04:00:00,4,-4,79,1,0,1,0
22,商业区,2018-01-02 04:00:00,4,-4,79,1,0,1,0
23,居住区,2018-01-02 04:00:00,4,-4,79,1,0,1,0
24,交通枢纽,2018-01-02 04:00:00,4,-4,79,1,0,1,0
25,校园,2018-01-02 04:00:00,4,-4,79,1,0,1,0
26,地铁站,2018-01-02 04:00:00,4,-4,79,1,0,1,1
27,商业区,2018-01-02 04:00:00,4,-4,79,1,0,1,1
28,居住区,2018-01-02 04:00:00,4,-4,79,1,0,1,0
29,交通枢纽,2018-01-02 04:00:00,4,-4,79,1,0,1,0
30,校园,2018-01-02 04:00:00,4,-4,79,1,0,2,2
31,地铁站,2018-01-02 04:00:00,4,-4,79,1,0,1,1
32,商业区,2018-01-02 04:00:00,4,-4,79,1,0,1,1
33,居住区,2018-01-02 04:00:00,4,-4,79,1,0,1,0
34,交通枢纽,2018-01-02 04:00:00,4,-4,79,1,0,1,0
35,校园,2018-01-02 04:00:00,4,-4,79,1,0,2,2
36,地铁站,2018-01-02 04:00:00,4,-4,79,1,0,1,1
37,商业区,2018-01-02 04:00:00,4,-4,79,1,0,0,0
38,居住区,2018-01-02 04:00:00,4,-4,79,1,0,1,0
39,交通枢纽,2018-01-02 04:00:00,4,-4,79,1,0,1,0
40,校园,2018-01-02 04:00:00,4,-4,79,1,0,2,1
41,地铁站,2018-01-02 04:00:00,4,-4,79,1,0,0,0
42,商业区,2018-01-02 04:00:00,4,-4,79,1,0,1,1
43,居住区,2018-01-02 04:00:00,4,-4,79,1,0,0,0
44,交通枢纽,2018-01-02 04:00:00,4,-4,79,1,0,1,1
45,校园,2018-01-02 04:00:00,4,-4,79,1,0,1,1
46,地铁站,2018-01-02 04:00:00,4,-4,79,1,0,1,0
47,商业区,2018-01-02 04:00:00,4,-4,79,1,0,1,1
48,居住区,2018-01-02 04:00:00,4,-4,79,1,0,1,1
49,交通枢纽,2018-01-02 04:00:00,4,-4,79,1,0,1,1
50,校园,2018-01-02 04:00:00,4,-4,79,1,0,1,1
1,地铁站,2018-01-02 05:00:00,5,-3,75,1,0,1,0
2,商业区,2018-01-02 05:00:00,5,-3,75,1,0,1,1
3,居住区,2018-01-02 05:00:00,5,-3,75,1,0,1,1
4,交通枢纽,2018-01-02 05:00:00,5,-3,75,1,0,2,1
5,校园,2018-01-02 05:00:00,5,-3,75,1,0,2,2
6,地铁站,2018-01-02 05:00:00,5,-3,75,1,0,1,1
7,商业区,2018-01-02 05:00:00,5,-3,75,1,0,1,1
8,居住区,2018-01-02 05:00:00,5,-3,75,1,0,2,2
9,交通枢纽,2018-01-02 05:00:00,5,-3,75,1,0,2,2
10,校园,2018-01-02 05:00:00,5,-3,75,1,0,2,2
11,地铁站,2018-01-02 05:00:00,5,-3,75,1,0,1,1
12,商业区,2018-01-02 05:00:00,5,-3,75,1,0,1,0
13,居住区,2018-01-02 05:00:00,5,-3,75,1,0,2,2
14,交通枢纽,2018-01-02 05:00:00,5,-3,75,1,0,2,2
15,校园,2018-01-02 05:00:00,5,-3,75,1,0,3,3
16,地铁站,2018-01-02 05:00:00,5,-3,75,1,0,1,0
17,商业区,2018-01-02 05:00:00,5,-3,75,1,0,1,1
18,居住区,2018-01-02 05:00:00,5,-3,75,1,0,2,2
19,交通枢纽,2018-01-02 05:00:00,5,-3,75,1,0,2,1
20,校园,2018-01-02 05:00:00,5,-3,75,1,0,1,0
21,地铁站,2018-01-02 05:00:00,5,-3,75,1,0,1,0
22,商业区,2018-01-02 05:00:00,5,-3,75,1,0,2,1
23,居住区,2018-01-02 05:00:00,5,-3,75,1,0,2,1
24,交通枢纽,2018-01-02 05:00:00,5,-3,75,1,0,2,1
25,校园,2018-01-02 05:00:00,5,-3,75,1,0,2,1
26,地铁站,2018-01-02 05:00:00,5,-3,75,1,0,1,1
27,商业区,2018-01-02 05:00:00,5,-3,75,1,0,1,1
28,居住区,2018-01-02 05:00:00,5,-3,75,1,0,1,1
29,交通枢纽,2018-01-02 05:00:00,5,-3,75,1,0,3,2
30,校园,2018-01-02 05:00:00,5,-3,75,1,0,3,2
31,地铁站,2018-01-02 05:00:00,5,-3,75,1,0,1,0
32,商业区,2018-01-02 05:00:00,5,-3,75,1,0,1,0
33,居住区,2018-01-02 05:00:00,5,-3,75,1,0,2,1
34,交通枢纽,2018-01-02 05:00:00,5,-3,75,1,0,2,1
35,校园,2018-01-02 05:00:00,5,-3,75,1,0,1,1
36,地铁站,2018-01-02 05:00:00,5,-3,75,1,0,0,0
37,商业区,2018-01-02 05:00:00,5,-3,75,1,0,1,1
38,居住区,2018-01-02 05:00:00,5,-3,75,1,0,2,2
39,交通枢纽,2018-01-02 05:00:00,5,-3,75,1,0,3,2
40,校园,2018-01-02 05:00:00,5,-3,75,1,0,2,2
41,地铁站,2018-01-02 05:00:00,5,-3,75,1,0,1,1
42,商业区,2018-01-02 05:00:00,5,-3,75,1,0,2,2
43,居住区,2018-01-02 05:00:00,5,-3,75,1,0,1,0
44,交通枢纽,2018-01-02 05:00:00,5,-3,75,1,0,2,2
45,校园,2018-01-02 05:00:00,5,-3,75,1,0,2,2
46,地铁站,2018-01-02 05:00:00,5,-3,75,1,0,2,2
47,商业区,2018-01-02 05:00:00,5,-3,75,1,0,1,0
48,居住区,2018-01-02 05:00:00,5,-3,75,1,0,1,1
49,交通枢纽,2018-01-02 05:00:00,5,-3,75,1,0,2,1
50,校园,2018-01-02 05:00:00,5,-3,75,1,0,2,1
1,地铁站,2018-01-02 06:00:00,6,-2,71,1,0,2,1
2,商业区,2018-01-02 06:00:00,6,-2,71,1,0,4,5
3,居住区,2018-01-02 06:00:00,6,-2,71,1,0,11,8
4,交通枢纽,2018-01-02 06:00:00,6,-2,71,1,0,8,6
5,校园,2018-01-02 06:00:00,6,-2,71,1,0,9,8
6,地铁站,2018-01-02 06:00:00,6,-2,71,1,0,4,4
7,商业区,2018-01-02 06:00:00,6,-2,71,1,0,3,2
8,居住区,2018-01-02 06:00:00,6,-2,71,1,0,9,10
9,交通枢纽,2018-01-02 06:00:00,6,-2,71,1,0,5,2
10,校园,2018-01-02 06:00:00,6,-2,71,1,0,6,6
11,地铁站,2018-01-02 06:00:00,6,-2,71,1,0,5,4
12,商业区,2018-01-02 06:00:00,6,-2,71,1,0,4,4
13,居住区,2018-01-02 06:00:00,6,-2,71,1,0,6,5
14,交通枢纽,2018-01-02 06:00:00,6,-2,71,1,0,7,7
15,校园,2018-01-02 06:00:00,6,-2,71,1,0,6,6
16,地铁站,2018-01-02 06:00:00,6,-2,71,1,0,2,1
17,商业区,2018-01-02 06:00:00,6,-2,71,1,0,5,4
18,居住区,2018-01-02 06:00:00,6,-2,71,1,0,10,10
19,交通枢纽,2018-01-02 06:00:00,6,-2,71,1,0,7,7
20,校园,2018-01-02 06:00:00,6,-2,71,1,0,6,5
21,地铁站,2018-01-02 06:00:00,6,-2,71,1,0,5,5
22,商业区,2018-01-02 06:00:00,6,-2,71,1,0,4,4
23,居住区,2018-01-02 06:00:00,6,-2,71,1,0,12,8
24,交通枢纽,2018-01-02 06:00:00,6,-2,71,1,0,9,8
25,校园,2018-01-02 06:00:00,6,-2,71,1,0,8,9
26,地铁站,2018-01-02 06:00:00,6,-2,71,1,0,3,2
27,商业区,2018-01-02 06:00:00,6,-2,71,1,0,5,4
28,居住区,2018-01-02 06:00:00,6,-2,71,1,0,14,12
29,交通枢纽,2018-01-02 06:00:00,6,-2,71,1,0,6,6
30,校园,2018-01-02 06:00:00,6,-2,71,1,0,5,4
31,地铁站,2018-01-02 06:00:00,6,-2,71,1,0,4,3
32,商业区,2018-01-02 06:00:00,6,-2,71,1,0,5,4
33,居住区,2018-01-02 06:00:00,6,-2,71,1,0,7,7
34,交通枢纽,2018-01-02 06:00:00,6,-2,71,1,0,10,10
35,校园,2018-01-02 06:00:00,6,-2,71,1,0,7,7
36,地铁站,2018-01-02 06:00:00,6,-2,71,1,0,3,3
37,商业区,2018-01-02 06:00:00,6,-2,71,1,0,5,6
38,居住区,2018-01-02 06:00:00,6,-2,71,1,0,9,11
39,交通枢纽,2018-01-02 06:00:00,6,-2,71,1,0,8,8
40,校园,2018-01-02 06:00:00,6,-2,71,1,0,7,6
41,地铁站,2018-01-02 06:00:00,6,-2,71,1,0,5,5
42,商业区,2018-01-02 06:00:00,6,-2,71,1,0,3,2
43,居住区,2018-01-02 06:00:00,6,-2,71,1,0,10,10
44,交通枢纽,2018-01-02 06:00:00,6,-2,71,1,0,7,8
45,校园,2018-01-02 06:00:00,6,-2,71,1,0,4,4
46,地铁站,2018-01-02 06:00:00,6,-2,71,1,0,2,2
47,商业区,2018-01-02 06:00:00,6,-2,71,1,0,5,5
48,居住区,2018-01-02 06:00:00,6,-2,71,1,0,8,9
49,交通枢纽,2018-01-02 06:00:00,6,-2,71,1,0,9,9
50,校园,2018-01-02 06:00:00,6,-2,71,1,0,7,7
1,地铁站,2018-01-02 07:00:00,7,-1,65,1,0,32,36
2,商业区,2018-01-02 07:00:00,7,-1,65,1,0,23,26
3,居住区,2018-01-02 07:00:00,7,-1,65,1,0,30,31
4,交通枢纽,2018-01-02 07:00:00,7,-1,65,1,0,18,19
5,校园,2018-01-02 07:00:00,7,-1,65,1,0,27,19
6,地铁站,2018-01-02 07:00:00,7,-1,65,1,0,29,27
7,商业区,2018-01-02 07:00:00,7,-1,65,1,0,16,13
8,居住区,2018-01-02 07:00:00,7,-1,65,1,0,38,39
9,交通枢纽,2018-01-02 07:00:00,7,-1,65,1,0,24,21
10,校园,2018-01-02 07:00:00,7,-1,65,1,0,30,37
11,地铁站,2018-01-02 07:00:00,7,-1,65,1,0,34,30
12,商业区,2018-01-02 07:00:00,7,-1,65,1,0,19,17
13,居住区,2018-01-02 07:00:00,7,-1,65,1,0,34,37
14,交通枢纽,2018-01-02 07:00:00,7,-1,65,1,0,15,17
15,校园,2018-01-02 07:00:00,7,-1,65,1,0,25,23
16,地铁站,2018-01-02 07:00:00,7,-1,65,1,0,37,36
17,商业区,2018-01-02 07:00:00,7,-1,65,1,0,11,13
18,居住区,2018-01-02 07:00:00,7,-1,65,1,0,36,38
19,交通枢纽,2018-01-02 07:00:00,7,-1,65,1,0,30,25
20,校园,2018-01-02 07:00:00,7,-1,65,1,0,28,26
21,地铁站,2018-01-02 07:00:00,7,-1,65,1,0,44,29
22,商业区,2018-01-02 07:00:00,7,-1,65,1,0,17,15
23,居住区,2018-01-02 07:00:00,7,-1,65,1,0,38,40
24,交通枢纽,2018-01-02 07:00:00,7,-1,65,1,0,21,18
25,校园,2018-01-02 07:00:00,7,-1,65,1,0,25,21
26,地铁站,2018-01-02 07:00:00,7,-1,65,1,0,44,41
27,商业区,2018-01-02 07:00:00,7,-1,65,1,0,7,6
28,居住区,2018-01-02 07:00:00,7,-1,65,1,0,28,21
29,交通枢纽,2018-01-02 07:00:00,7,-1,65,1,0,19,19
30,校园,2018-01-02 07:00:00,7,-1,65,1,0,32,33
31,地铁站,2018-01-02 07:00:00,7,-1,65,1,0,33,35
32,商业区,2018-01-02 07:00:00,7,-1,65,1,0,16,14
33,居住区,2018-01-02 07:00:00,7,-1,65,1,0,27,19
34,交通枢纽,2018-01-02 07:00:00,7,-1,65,1,0,23,23
35,校园,2018-01-02 07:00:00,7,-1,65,1,0,25,23
36,地铁站,2018-01-02 07:00:00,7,-1,65,1,0,31,33
37,商业区,2018-01-02 07:00:00,7,-1,65,1,0,13,14
38,居住区,2018-01-02 07:00:00,7,-1,65,1,0,28,24
39,交通枢纽,2018-01-02 07:00:00,7,-1,65,1,0,18,16
40,校园,2018-01-02 07:00:00,7,-1,65,1,0,30,32
41,地铁站,2018-01-02 07:00:00,7,-1,65,1,0,45,48
42,商业区,2018-01-02 07:00:00,7,-1,65,1,0,13,12
43,居住区,2018-01-02 07:00:00,7,-1,65,1,0,30,35
44,交通枢纽,2018-01-02 07:00:00,7,-1,65,1,0,19,21
45,校园,2018-01-02 07:00:00,7,-1,65,1,0,30,38
46,地铁站,2018-01-02 07:00:00,7,-1,65,1,0,35,38
47,商业区,2018-01-02 07:00:00,7,-1,65,1,0,26,23
48,居住区,2018-01-02 07:00:00,7,-1,65,1,0,24,17
49,交通枢纽,2018-01-02 07:00:00,7,-1,65,1,0,29,20
50,校园,2018-01-02 07:00:00,7,-1,65,1,0,23,24
1,地铁站,2018-01-02 08:00:00,8,0,61,1,0,76,80
2,商业区,2018-01-02 08:00:00,8,0,61,1,0,35,41
3,居住区,2018-01-02 08:00:00,8,0,61,1,0,55,49
4,交通枢纽,2018-01-02 08:00:00,8,0,61,1,0,41,46
5,校园,2018-01-02 08:00:00,8,0,61,1,0,57,60
6,地铁站,2018-01-02 08:00:00,8,0,61,1,0,90,74
7,商业区,2018-01-02 08:00:00,8,0,61,1,0,45,55
8,居住区,2018-01-02 08:00:00,8,0,61,1,0,78,98
9,交通枢纽,2018-01-02 08:00:00,8,0,61,1,0,32,29
10,校园,2018-01-02 08:00:00,8,0,61,1,0,41,45
11,地铁站,2018-01-02 08:00:00,8,0,61,1,0,58,64
12,商业区,2018-01-02 08:00:00,8,0,61,1,0,43,47
13,居住区,2018-01-02 08:00:00,8,0,61,1,0,72,61
14,交通枢纽,2018-01-02 08:00:00,8,0,61,1,0,40,47
15,校园,2018-01-02 08:00:00,8,0,61,1,0,56,55
16,地铁站,2018-01-02 08:00:00,8,0,61,1,0,67,46
17,商业区,2018-01-02 08:00:00,8,0,61,1,0,26,33
18,居住区,2018-01-02 08:00:00,8,0,61,1,0,51,52
19,交通枢纽,2018-01-02 08:00:00,8,0,61,1,0,58,47
20,校园,2018-01-02 08:00:00,8,0,61,1,0,50,57
21,地铁站,2018-01-02 08:00:00,8,0,61,1,0,73,104
22,商业区,2018-01-02 08:00:00,8,0,61,1,0,22,25
23,居住区,2018-01-02 08:00:00,8,0,61,1,0,66,73
24,交通枢纽,2018-01-02 08:00:00,8,0,61,1,0,53,47
25,校园,2018-01-02 08:00:00,8,0,61,1,0,51,36
26,地铁站,2018-01-02 08:00:00,8,0,61,1,0,82,85
27,商业区,2018-01-02 08:00:00,8,0,61,1,0,38,44
28,居住区,2018-01-02 08:00:00,8,0,61,1,0,73,74
29,交通枢纽,2018-01-02 08:00:00,8,0,61,1,0,40,35
30,校园,2018-01-02 08:00:00,8,0,61,1,0,60,72
31,地铁站,2018-01-02 08:00:00,8,0,61,1,0,69,69
32,商业区,2018-01-02 08:00:00,8,0,61,1,0,28,32
33,居住区,2018-01-02 08:00:00,8,0,61,1,0,77,99
34,交通枢纽,2018-01-02 08:00:00,8,0,61,1,0,40,37
35,校园,2018-01-02 08:00:00,8,0,61,1,0,51,55
36,地铁站,2018-01-02 08:00:00,8,0,61,1,0,70,60
37,商业区,2018-01-02 08:00:00,8,0,61,1,0,40,44
38,居住区,2018-01-02 08:00:00,8,0,61,1,0,56,67
39,交通枢纽,2018-01-02 08:00:00,8,0,61,1,0,60,61
40,校园,2018-01-02 08:00:00,8,0,61,1,0,49,53
41,地铁站,2018-01-02 08:00:00,8,0,61,1,0,60,60
42,商业区,2018-01-02 08:00:00,8,0,61,1,0,19,21
43,居住区,2018-01-02 08:00:00,8,0,61,1,0,47,57
44,交通枢纽,2018-01-02 08:00:00,8,0,61,1,0,45,43
45,校园,2018-01-02 08:00:00,8,0,61,1,0,42,40
46,地铁站,2018-01-02 08:00:00,8,0,61,1,0,94,58
47,商业区,2018-01-02 08:00:00,8,0,61,1,0,43,45
48,居住区,2018-01-02 08:00:00,8,0,61,1,0,52,43
49,交通枢纽,2018-01-02 08:00:00,8,0,61,1,0,65,55
50,校园,2018-01-02 08:00:00,8,0,61,1,0,37,43
1,地铁站,2018-01-02 09:00:00,9,1,58,1,0,99,85
2,商业区,2018-01-02 09:00:00,9,1,58,1,0,45,38
3,居住区,2018-01-02 09:00:00,9,1,58,1,0,60,69
4,交通枢纽,2018-01-02 09:00:00,9,1,58,1,0,69,72
5,校园,2018-01-02 09:00:00,9,1,58,1,0,84,83
6,地铁站,2018-01-02 09:00:00,9,1,58,1,0,71,75
7,商业区,2018-01-02 09:00:00,9,1,58,1,0,61,51
8,居住区,2018-01-02 09:00:00,9,1,58,1,0,46,48
9,交通枢纽,2018-01-02 09:00:00,9,1,58,1,0,61,52
10,校园,2018-01-02 09:00:00,9,1,58,1,0,76,102
11,地铁站,2018-01-02 09:00:00,9,1,58,1,0,97,83
12,商业区,2018-01-02 09:00:00,9,1,58,1,0,30,31
13,居住区,2018-01-02 09:00:00,9,1,58,1,0,60,64
14,交通枢纽,2018-01-02 09:00:00,9,1,58,1,0,62,56
15,校园,2018-01-02 09:00:00,9,1,58,1,0,48,54
16,地铁站,2018-01-02 09:00:00,9,1,58,1,0,110,84
17,商业区,2018-01-02 09:00:00,9,1,58,1,0,57,61
18,居住区,2018-01-02 09:00:00,9,1,58,1,0,63,50
19,交通枢纽,2018-01-02 09:00:00,9,1,58,1,0,45,43
20,校园,2018-01-02 09:00:00,9,1,58,1,0,68,86
21,地铁站,2018-01-02 09:00:00,9,1,58,1,0,106,102
22,商业区,2018-01-02 09:00:00,9,1,58,1,0,34,40
23,居住区,2018-01-02 09:00:00,9,1,58,1,0,40,49
24,交通枢纽,2018-01-02 09:00:00,9,1,58,1,0,58,71
25,校园,2018-01-02 09:00:00,9,1,58,1,0,70,68
26,地铁站,2018-01-02 09:00:00,9,1,58,1,0,83,78
27,商业区,2018-01-02 09:00:00,9,1,58,1,0,47,47
28,居住区,2018-01-02 09:00:00,9,1,58,1,0,43,41
29,交通枢纽,2018-01-02 09:00:00,9,1,58,1,0,63,42
30,校园,2018-01-02 09:00:00,9,1,58,1,0,68,58
31,地铁站,2018-01-02 09:00:00,9,1,58,1,0,72,53
32,商业区,2018-01-02 09:00:00,9,1,58,1,0,28,22
33,居住区,2018-01-02 09:00:00,9,1,58,1,0,42,54
34,交通枢纽,2018-01-02 09:00:00,9,1,58,1,0,55,56
35,校园,2018-01-02 09:00:00,9,1,58,1,0,67,68
36,地铁站,2018-01-02 09:00:00,9,1,58,1,0,92,75
37,商业区,2018-01-02 09:00:00,9,1,58,1,0,56,71
38,居住区,2018-01-02 09:00:00,9,1,58,1,0,33,27
39,交通枢纽,2018-01-02 09:00:00,9,1,58,1,0,58,49
40,校园,2018-01-02 09:00:00,9,1,58,1,0,68,60
41,地铁站,2018-01-02 09:00:00,9,1,58,1,0,134,157
42,商业区,2018-01-02 09:00:00,9,1,58,1,0,45,51
43,居住区,2018-01-02 09:00:00,9,1,58,1,0,60,54
44,交通枢纽,2018-01-02 09:00:00,9,1,58,1,0,52,52
45,校园,2018-01-02 09:00:00,9,1,58,1,0,73,74
46,地铁站,2018-01-02 09:00:00,9,1,58,1,0,64,56
47,商业区,2018-01-02 09:00:00,9,1,58,1,0,43,42
48,居住区,2018-01-02 09:00:00,9,1,58,1,0,69,54
49,交通枢纽,2018-01-02 09:00:00,9,1,58,1,0,68,83
50,校园,2018-01-02 09:00:00,9,1,58,1,0,90,84
1,地铁站,2018-01-02 10:00:00,10,2,54,1,0,46,49
2,商业区,2018-01-02 10:00:00,10,2,54,1,0,96,94
3,居住区,2018-01-02 10:00:00,10,2,54,1,0,61,37
4,交通枢纽,2018-01-02 10:00:00,10,2,54,1,0,80,81
5,校园,2018-01-02 10:00:00,10,2,54,1,0,68,88
6,地铁站,2018-01-02 10:00:00,10,2,54,1,0,36,33
7,商业区,2018-01-02 10:00:00,10,2,54,1,0,129,112
8,居住区,2018-01-02 10:00:00,10,2,54,1,0,50,48
9,交通枢纽,2018-01-02 10:00:00,10,2,54,1,0,83,85
10,校园,2018-01-02 10:00:00,10,2,54,1,0,52,47
11,地铁站,2018-01-02 10:00:00,10,2,54,1,0,37,36
12,商业区,2018-01-02 10:00:00,10,2,54,1,0,100,106
13,居住区,2018-01-02 10:00:00,10,2,54,1,0,36,41
14,交通枢纽,2018-01-02 10:00:00,10,2,54,1,0,74,89
15,校园,2018-01-02 10:00:00,10,2,54,1,0,77,89
16,地铁站,2018-01-02 10:00:00,10,2,54,1,0,46,55
17,商业区,2018-01-02 10:00:00,10,2,54,1,0,102,100
18,居住区,2018-01-02 10:00:00,10,2,54,1,0,82,92
19,交通枢纽,2018-01-02 10:00:00,10,2,54,1,0,79,63
20,校园,2018-01-02 10:00:00,10,2,54,1,0,52,54
21,地铁站,2018-01-02 10:00:00,10,2,54,1,0,43,39
22,商业区,2018-01-02 10:00:00,10,2,54,1,0,95,117
23,居住区,2018-01-02 10:00:00,10,2,54,1,0,64,53
24,交通枢纽,2018-01-02 10:00:00,10,2,54,1,0,69,60
25,校园,2018-01-02 10:00:00,10,2,54,1,0,65,60
26,地铁站,2018-01-02 10:00:00,10,2,54,1,0,38,30
27,商业区,2018-01-02 10:00:00,10,2,54,1,0,90,82
28,居住区,2018-01-02 10:00:00,10,2,54,1,0,23,30
29,交通枢纽,2018-01-02 10:00:00,10,2,54,1,0,86,81
30,校园,2018-01-02 10:00:00,10,2,54,1,0,71,58
31,地铁站,2018-01-02 10:00:00,10,2,54,1,0,57,73
32,商业区,2018-01-02 10:00:00,10,2,54,1,0,95,109
33,居住区,2018-01-02 10:00:00,10,2,54,1,0,58,46
34,交通枢纽,2018-01-02 10:00:00,10,2,54,1,0,65,66
35,校园,2018-01-02 10:00:00,10,2,54,1,0,64,61
36,地铁站,2018-01-02 10:00:00,10,2,54,1,0,41,40
37,商业区,2018-01-02 10:00:00,10,2,54,1,0,93,78
38,居住区,2018-01-02 10:00:00,10,2,54,1,0,48,38
39,交通枢纽,2018-01-02 10:00:00,10,2,54,1,0,85,58
40,校园,2018-01-02 10:00:00,10,2,54,1,0,87,105
41,地铁站,2018-01-02 10:00:00,10,2,54,1,0,40,24
42,商业区,2018-01-02 10:00:00,10,2,54,1,0,85,84
43,居住区,2018-01-02 10:00:00,10,2,54,1,0,45,41
44,交通枢纽,2018-01-02 10:00:00,10,2,54,1,0,92,101
45,校园,2018-01-02 10:00:00,10,2,54,1,0,58,44
46,地铁站,2018-01-02 10:00:00,10,2,54,1,0,39,37
47,商业区,2018-01-02 10:00:00,10,2,54,1,0,101,92
48,居住区,2018-01-02 10:00:00,10,2,54,1,0,62,79
49,交通枢纽,2018-01-02 10:00:00,10,2,54,1,0,82,81
50,校园,2018-01-02 10:00:00,10,2,54,1,0,68,64
1,地铁站,2018-01-02 11:00:00,11,3,51,1,0,57,51
2,商业区,2018-01-02 11:00:00,11,3,51,1,0,102,102
3,居住区,2018-01-02 11:00:00,11,3,51,1,0,55,43
4,交通枢纽,2018-01-02 11:00:00,11,3,51,1,0,82,81
5,校园,2018-01-02 11:00:00,11,3,51,1,0,85,78
6,地铁站,2018-01-02 11:00:00,11,3,51,1,0,58,50
7,商业区,2018-01-02 11:00:00,11,3,51,1,0,135,99
8,居住区,2018-01-02 11:00:00,11,3,51,1,0,67,71
9,交通枢纽,2018-01-02 11:00:00,11,3,51,1,0,65,69
10,校园,2018-01-02 11:00:00,11,3,51,1,0,97,64
11,地铁站,2018-01-02 11:00:00,11,3,51,1,0,51,31
12,商业区,2018-01-02 11:00:00,11,3,51,1,0,81,100
13,居住区,2018-01-02 11:00:00,11,3,51,1,0,54,44
14,交通枢纽,2018-01-02 11:00:00,11,3,51,1,0,74,96
15,校园,2018-01-02 11:00:00,11,3,51,1,0,49,41
16,地铁站,2018-01-02 11:00:00,11,3,51,1,0,60,76
17,商业区,2018-01-02 11:00:00,11,3,51,1,0,99,80
18,居住区,2018-01-02 11:00:00,11,3,51,1,0,88,109
19,交通枢纽,2018-01-02 11:00:00,11,3,51,1,0,88,77
20,校园,2018-01-02 11:00:00,11,3,51,1,0,77,75
21,地铁站,2018-01-02 11:00:00,11,3,51,1,0,49,59
22,商业区,2018-01-02 11:00:00,11,3,51,1,0,118,98
23,居住区,2018-01-02 11:00:00,11,3,51,1,0,79,82
24,交通枢纽,2018-01-02 11:00:00,11,3,51,1,0,88,107
25,校园,2018-01-02 11:00:00,11,3,51,1,0,60,59
26,地铁站,2018-01-02 11:00:00,11,3,51,1,0,41,31
27,商业区,2018-01-02 11:00:00,11,3,51,1,0,108,148
28,居住区,2018-01-02 11:00:00,11,3,51,1,0,39,38
29,交通枢纽,2018-01-02 11:00:00,11,3,51,1,0,87,88
30,校园,2018-01-02 11:00:00,11,3,51,1,0,76,61
31,地铁站,2018-01-02 11:00:00,11,3,51,1,0,48,42
32,商业区,2018-01-02 11:00:00,11,3,51,1,0,56,66
33,居住区,2018-01-02 11:00:00,11,3,51,1,0,74,74
34,交通枢纽,2018-01-02 11:00:00,11,3,51,1,0,81,94
35,校园,2018-01-02 11:00:00,11,3,51,1,0,81,91
36,地铁站,2018-01-02 11:00:00,11,3,51,1,0,43,51
37,商业区,2018-01-02 11:00:00,11,3,51,1,0,107,110
38,居住区,2018-01-02 11:00:00,11,3,51,1,0,46,47
39,交通枢纽,2018-01-02 11:00:00,11,3,51,1,0,64,57
40,校园,2018-01-02 11:00:00,11,3,51,1,0,65,54
41,地铁站,2018-01-02 11:00:00,11,3,51,1,0,66,79
42,商业区,2018-01-02 11:00:00,11,3,51,1,0,139,113
43,居住区,2018-01-02 11:00:00,11,3,51,1,0,63,50
44,交通枢纽,2018-01-02 11:00:00,11,3,51,1,0,66,56
45,校园,2018-01-02 11:00:00,11,3,51,1,0,97,91
46,地铁站,2018-01-02 11:00:00,11,3,51,1,0,56,61
47,商业区,2018-01-02 11:00:00,11,3,51,1,0,147,114
48,居住区,2018-01-02 11:00:00,11,3,51,1,0,77,90
49,交通枢纽,2018-01-02 11:00:00,11,3,51,1,0,62,71
50,校园,2018-01-02 11:00:00,11,3,51,1,0,83,80
1,地铁站,2018-01-02 12:00:00,12,4,47,1,0,37,33
2,商业区,2018-01-02 12:00:00,12,4,47,1,0,137,137
3,居住区,2018-01-02 12:00:00,12,4,47,1,0,69,60
4,交通枢纽,2018-01-02 12:00:00,12,4,47,1,0,63,73
5,校园,2018-01-02 12:00:00,12,4,47,1,0,54,50
6,地铁站,2018-01-02 12:00:00,12,4,47,1,0,45,45
7,商业区,2018-01-02 12:00:00,12,4,47,1,0,94,99
8,居住区,2018-01-02 12:00:00,12,4,47,1,0,68,75
9,交通枢纽,2018-01-02 12:00:00,12,4,47,1,0,60,57
10,校园,2018-01-02 12:00:00,12,4,47,1,0,92,104
11,地铁站,2018-01-02 12:00:00,12,4,47,1,0,32,33
12,商业区,2018-01-02 12:00:00,12,4,47,1,0,58,58
13,居住区,2018-01-02 12:00:00,12,4,47,1,0,82,70
14,交通枢纽,2018-01-02 12:00:00,12,4,47,1,0,62,69
15,校园,2018-01-02 12:00:00,12,4,47,1,0,51,46
16,地铁站,2018-01-02 12:00:00,12,4,47,1,0,50,45
17,商业区,2018-01-02 12:00:00,12,4,47,1,0,92,102
18,居住区,2018-01-02 12:00:00,12,4,47,1,0,65,67
19,交通枢纽,2018-01-02 12:00:00,12,4,47,1,0,69,72
20,校园,2018-01-02 12:00:00,12,4,47,1,0,73,78
21,地铁站,2018-01-02 12:00:00,12,4,47,1,0,40,38
22,商业区,2018-01-02 12:00:00,12,4,47,1,0,78,77
23,居住区,2018-01-02 12:00:00,12,4,47,1,0,50,41
24,交通枢纽,2018-01-02 12:00:00,12,4,47,1,0,78,80
25,校园,2018-01-02 12:00:00,12,4,47,1,0,86,80
26,地铁站,2018-01-02 12:00:00,12,4,47,1,0,48,51
27,商业区,2018-01-02 12:00:00,12,4,47,1,0,106,92
28,居住区,2018-01-02 12:00:00,12,4,47,1,0,61,64
29,交通枢纽,2018-01-02 12:00:00,12,4,47,1,0,75,51
30,校园,2018-01-02 12:00:00,12,4,47,1,0,77,102
31,地铁站,2018-01-02 12:00:00,12,4,47,1,0,41,36
32,商业区,2018-01-02 12:00:00,12,4,47,1,0,104,108
33,居住区,2018-01-02 12:00:00,12,4,47,1,0,74,60
34,交通枢纽,2018-01-02 12:00:00,12,4,47,1,0,85,92
35,校园,2018-01-02 12:00:00,12,4,47,1,0,72,75
36,地铁站,2018-01-02 12:00:00,12,4,47,1,0,54,61
37,商业区,2018-01-02 12:00:00,12,4,47,1,0,75,84
38,居住区,2018-01-02 12:00:00,12,4,47,1,0,59,59
39,交通枢纽,2018-01-02 12:00:00,12,4,47,1,0,76,74
40,校园,2018-01-02 12:00:00,12,4,47,1,0,92,90
41,地铁站,2018-01-02 12:00:00,12,4,47,1,0,34,31
42,商业区,2018-01-02 12:00:00,12,4,47,1,0,100,118
43,居住区,2018-01-02 12:00:00,12,4,47,1,0,67,58
44,交通枢纽,2018-01-02 12:00:00,12,4,47,1,0,112,116
45,校园,2018-01-02 12:00:00,12,4,47,1,0,94,91
46,地铁站,2018-01-02 12:00:00,12,4,47,1,0,49,55
47,商业区,2018-01-02 12:00:00,12,4,47,1,0,121,140
48,居住区,2018-01-02 12:00:00,12,4,47,1,0,70,66
49,交通枢纽,2018-01-02 12:00:00,12,4,47,1,0,66,69
50,校园,2018-01-02 12:00:00,12,4,47,1,0,88,85
1,地铁站,2018-01-02 13:00:00,13,5,44,1,0,58,70
2,商业区,2018-01-02 13:00:00,13,5,44,1,0,45,39
3,居住区,2018-01-02 13:00:00,13,5,44,1,0,62,64
4,交通枢纽,2018-01-02 13:00:00,13,5,44,1,0,71,85
5,校园,2018-01-02 13:00:00,13,5,44,1,0,87,87
6,地铁站,2018-01-02 13:00:00,13,5,44,1,0,34,27
7,商业区,2018-01-02 13:00:00,13,5,44,1,0,59,40
8,居住区,2018-01-02 13:00:00,13,5,44,1,0,77,75
9,交通枢纽,2018-01-02 13:00:00,13,5,44,1,0,132,177
10,校园,2018-01-02 13:00:00,13,5,44,1,0,77,75
11,地铁站,2018-01-02 13:00:00,13,5,44,1,0,57,71
12,商业区,2018-01-02 13:00:00,13,5,44,1,0,37,27
13,居住区,2018-01-02 13:00:00,13,5,44,1,0,56,60
14,交通枢纽,2018-01-02 13:00:00,13,5,44,1,0,88,102
15,校园,2018-01-02 13:00:00,13,5,44,1,0,60,39
16,地铁站,2018-01-02 13:00:00,13,5,44,1,0,56,49
17,商业区,2018-01-02 13:00:00,13,5,44,1,0,33,33
18,居住区,2018-01-02 13:00:00,13,5,44,1,0,74,72
19,交通枢纽,2018-01-02 13:00:00,13,5,44,1,0,72,70
20,校园,2018-01-02 13:00:00,13,5,44,1,0,74,59
21,地铁站,2018-01-02 13:00:00,13,5,44,1,0,41,44
22,商业区,2018-01-02 13:00:00,13,5,44,1,0,59,60
23,居住区,2018-01-02 13:00:00,13,5,44,1,0,51,49
24,交通枢纽,2018-01-02 13:00:00,13,5,44,1,0,45,46
25,校园,2018-01-02 13:00:00,13,5,44,1,0,103,80
26,地铁站,2018-01-02 13:00:00,13,5,44,1,0,42,44
27,商业区,2018-01-02 13:00:00,13,5,44,1,0,70,65
28,居住区,2018-01-02 13:00:00,13,5,44,1,0,55,38
29,交通枢纽,2018-01-02 13:00:00,13,5,44,1,0,81,105
30,校园,2018-01-02 13:00:00,13,5,44,1,0,84,83
31,地铁站,2018-01-02 13:00:00,13,5,44,1,0,51,50
32,商业区,2018-01-02 13:00:00,13,5,44,1,0,47,52
33,居住区,2018-01-02 13:00:00,13,5,44,1,0,67,67
34,交通枢纽,2018-01-02 13:00:00,13,5,44,1,0,64,76
35,校园,2018-01-02 13:00:00,13,5,44,1,0,90,82
36,地铁站,2018-01-02 13:00:00,13,5,44,1,0,57,52
37,商业区,2018-01-02 13:00:00,13,5,44,1,0,47,41
38,居住区,2018-01-02 13:00:00,13,5,44,1,0,41,43
39,交通枢纽,2018-01-02 13:00:00,13,5,44,1,0,50,40
40,校园,2018-01-02 13:00:00,13,5,44,1,0,46,45
41,地铁站,2018-01-02 13:00:00,13,5,44,1,0,46,43
42,商业区,2018-01-02 13:00:00,13,5,44,1,0,44,36
43,居住区,2018-01-02 13:00:00,13,5,44,1,0,70,64
44,交通枢纽,2018-01-02 13:00:00,13,5,44,1,0,85,73
45,校园,2018-01-02 13:00:00,13,5,44,1,0,83,99
46,地铁站,2018-01-02 13:00:00,13,5,44,1,0,53,49
47,商业区,2018-01-02 13:00:00,13,5,44,1,0,59,56
48,居住区,2018-01-02 13:00:00,13,5,44,1,0,64,60
49,交通枢纽,2018-01-02 13:00:00,13,5,44,1,0,77,79
50,校园,2018-01-02 13:00:00,13,5,44,1,0,64,54
1,地铁站,2018-01-02 14:00:00,14,6,42,1,0,36,27
2,商业区,2018-01-02 14:00:00,14,6,42,1,0,82,83
3,居住区,2018-01-02 14:00:00,14,6,42,1,0,54,58
4,交通枢纽,2018-01-02 14:00:00,14,6,42,1,0,84,59
5,校园,2018-01-02 14:00:00,14,6,42,1,0,94,105
6,地铁站,2018-01-02 14:00:00,14,6,42,1,0,40,42
7,商业区,2018-01-02 14:00:00,14,6,42,1,0,90,91
8,居住区,2018-01-02 14:00:00,14,6,42,1,0,49,35
9,交通枢纽,2018-01-02 14:00:00,14,6,42,1,0,77,75
10,校园,2018-01-02 14:00:00,14,6,42,1,0,76,62
11,地铁站,2018-01-02 14:00:00,14,6,42,1,0,46,47
12,商业区,2018-01-02 14:00:00,14,6,42,1,0,107,109
13,居住区,2018-01-02 14:00:00,14,6,42,1,0,57,67
14,交通枢纽,2018-01-02 14:00:00,14,6,42,1,0,63,67
15,校园,2018-01-02 14:00:00,14,6,42,1,0,103,110
16,地铁站,2018-01-02 14:00:00,14,6,42,1,0,48,44
17,商业区,2018-01-02 14:00:00,14,6,42,1,0,131,103
18,居住区,2018-01-02 14:00:00,14,6,42,1,0,53,49
19,交通枢纽,2018-01-02 14:00:00,14,6,42,1,0,104,109
20,校园,2018-01-02 14:00:00,14,6,42,1,0,67,63
21,地铁站,2018-01-02 14:00:00,14,6,42,1,0,43,38
22,商业区,2018-01-02 14:00:00,14,6,42,1,0,129,102
23,居住区,2018-01-02 14:00:00,14,6,42,1,0,88,98
24,交通枢纽,2018-01-02 14:00:00,14,6,42,1,0,101,93
25,校园,2018-01-02 14:00:00,14,6,42,1,0,81,63
26,地铁站,2018-01-02 14:00:00,14,6,42,1,0,44,47
27,商业区,2018-01-02 14:00:00,14,6,42,1,0,136,113
28,居住区,2018-01-02 14:00:00,14,6,42,1,0,61,59
29,交通枢纽,2018-01-02 14:00:00,14,6,42,1,0,60,65
30,校园,2018-01-02 14:00:00,14,6,42,1,0,71,68
31,地铁站,2018-01-02 14:00:00,14,6,42,1,0,45,39
32,商业区,2018-01-02 14:00:00,14,6,42,1,0,108,104
33,居住区,2018-01-02 14:00:00,14,6,42,1,0,61,54
34,交通枢纽,2018-01-02 14:00:00,14,6,42,1,0,88,109
35,校园,2018-01-02 14:00:00,14,6,42,1,0,85,97
36,地铁站,2018-01-02 14:00:00,14,6,42,1,0,36,36
37,商业区,2018-01-02 14:00:00,14,6,42,1,0,84,65
38,居住区,2018-01-02 14:00:00,14,6,42,1,0,56,66
39,交通枢纽,2018-01-02 14:00:00,14,6,42,1,0,99,102
40,校园,2018-01-02 14:00:00,14,6,42,1,0,57,55
41,地铁站,2018-01-02 14:00:00,14,6,42,1,0,53,54
42,商业区,2018-01-02 14:00:00,14,6,42,1,0,68,58
43,居住区,2018-01-02 14:00:00,14,6,42,1,0,66,71
44,交通枢纽,2018-01-02 14:00:00,14,6,42,1,0,46,44
45,校园,2018-01-02 14:00:00,14,6,42,1,0,85,95
46,地铁站,2018-01-02 14:00:00,14,6,42,1,0,57,61
47,商业区,2018-01-02 14:00:00,14,6,42,1,0,91,64
48,居住区,2018-01-02 14:00:00,14,6,42,1,0,61,70
49,交通枢纽,2018-01-02 14:00:00,14,6,42,1,0,106,117
50,校园,2018-01-02 14:00:00,14,6,42,1,0,90,95
1,地铁站,2018-01-02 15:00:00,15,5,45,1,0,41,40
2,商业区,2018-01-02 15:00:00,15,5,45,1,0,134,115
3,居住区,2018-01-02 15:00:00,15,5,45,1,0,82,78
4,交通枢纽,2018-01-02 15:00:00,15,5,45,1,0,98,77
5,校园,2018-01-02 15:00:00,15,5,45,1,0,86,76
6,地铁站,2018-01-02 15:00:00,15,5,45,1,0,33,34
7,商业区,2018-01-02 15:00:00,15,5,45,1,0,121,105
8,居住区,2018-01-02 15:00:00,15,5,45,1,0,43,42
9,交通枢纽,2018-01-02 15:00:00,15,5,45,1,0,76,82
10,校园,2018-01-02 15:00:00,15,5,45,1,0,92,91
11,地铁站,2018-01-02 15:00:00,15,5,45,1,0,63,65
12,商业区,2018-01-02 15:00:00,15,5,45,1,0,93,70
13,居住区,2018-01-02 15:00:00,15,5,45,1,0,58,55
14,交通枢纽,2018-01-02 15:00:00,15,5,45,1,0,92,98
15,校园,2018-01-02 15:00:00,15,5,45,1,0,59,60
16,地铁站,2018-01-02 15:00:00,15,5,45,1,0,52,63
17,商业区,2018-01-02 15:00:00,15,5,45,1,0,118,131
18,居住区,2018-01-02 15:00:00,15,5,45,1,0,62,65
19,交通枢纽,2018-01-02 15:00:00,15,5,45,1,0,96,76
20,校园,2018-01-02 15:00:00,15,5,45,1,0,72,63
21,地铁站,2018-01-02 15:00:00,15,5,45,1,0,50,59
22,商业区,2018-01-02 15:00:00,15,5,45,1,0,88,56
23,居住区,2018-01-02 15:00:00,15,5,45,1,0,56,63
24,交通枢纽,2018-01-02 15:00:00,15,5,45,1,0,85,90
25,校园,2018-01-02 15:00:00,15,5,45,1,0,73,58
26,地铁站,2018-01-02 15:00:00,15,5,45,1,0,51,44
27,商业区,2018-01-02 15:00:00,15,5,45,1,0,144,156
28,居住区,2018-01-02 15:00:00,15,5,45,1,0,54,49
29,交通枢纽,2018-01-02 15:00:00,15,5,45,1,0,76,73
30,校园,2018-01-02 15:00:00,15,5,45,1,0,94,96
31,地铁站,2018-01-02 15:00:00,15,5,45,1,0,39,50
32,商业区,2018-01-02 15:00:00,15,5,45,1,0,101,112
33,居住区,2018-01-02 15:00:00,15,5,45,1,0,54,56
34,交通枢纽,2018-01-02 15:00:00,15,5,45,1,0,82,58
35,校园,2018-01-02 15:00:00,15,5,45,1,0,108,128
36,地铁站,2018-01-02 15:00:00,15,5,45,1,0,42,35
37,商业区,2018-01-02 15:00:00,15,5,45,1,0,107,108
38,居住区,2018-01-02 15:00:00,15,5,45,1,0,66,67
39,交通枢纽,2018-01-02 15:00:00,15,5,45,1,0,85,103
40,校园,2018-01-02 15:00:00,15,5,45,1,0,86,72
41,地铁站,2018-01-02 15:00:00,15,5,45,1,0,59,73
42,商业区,2018-01-02 15:00:00,15,5,45,1,0,164,136
43,居住区,2018-01-02 15:00:00,15,5,45,1,0,65,44
44,交通枢纽,2018-01-02 15:00:00,15,5,45,1,0,86,78
45,校园,2018-01-02 15:00:00,15,5,45,1,0,107,94
46,地铁站,2018-01-02 15:00:00,15,5,45,1,0,30,27
47,商业区,2018-01-02 15:00:00,15,5,45,1,0,61,67
48,居住区,2018-01-02 15:00:00,15,5,45,1,0,36,36
49,交通枢纽,2018-01-02 15:00:00,15,5,45,1,0,45,42
50,校园,2018-01-02 15:00:00,15,5,45,1,0,103,108
1,地铁站,2018-01-02 16:00:00,16,4,49,1,0,33,32
2,商业区,2018-01-02 16:00:00,16,4,49,1,0,88,94
3,居住区,2018-01-02 16:00:00,16,4,49,1,0,39,42
4,交通枢纽,2018-01-02 16:00:00,16,4,49,1,0,31,28
5,校园,2018-01-02 16:00:00,16,4,49,1,0,60,65
6,地铁站,2018-01-02 16:00:00,16,4,49,1,0,40,31
7,商业区,2018-01-02 16:00:00,16,4,49,1,0,70,72
8,居住区,2018-01-02 16:00:00,16,4,49,1,0,53,48
9,交通枢纽,2018-01-02 16:00:00,16,4,49,1,0,61,67
10,校园,2018-01-02 16:00:00,16,4,49,1,0,60,59
11,地铁站,2018-01-02 16:00:00,16,4,49,1,0,58,45
12,商业区,2018-01-02 16:00:00,16,4,49,1,0,55,61
13,居住区,2018-01-02 16:00:00,16,4,49,1,0,46,43
14,交通枢纽,2018-01-02 16:00:00,16,4,49,1,0,57,54
15,校园,2018-01-02 16:00:00,16,4,49,1,0,89,99
16,地铁站,2018-01-02 16:00:00,16,4,49,1,0,47,37
17,商业区,2018-01-02 16:00:00,16,4,49,1,0,67,38
18,居住区,2018-01-02 16:00:00,16,4,49,1,0,45,51
19,交通枢纽,2018-01-02 16:00:00,16,4,49,1,0,74,71
20,校园,2018-01-02 16:00:00,16,4,49,1,0,67,60
21,地铁站,2018-01-02 16:00:00,16,4,49,1,0,42,46
22,商业区,2018-01-02 16:00:00,16,4,49,1,0,59,61
23,居住区,2018-01-02 16:00:00,16,4,49,1,0,64,60
24,交通枢纽,2018-01-02 16:00:00,16,4,49,1,0,77,109
25,校园,2018-01-02 16:00:00,16,4,49,1,0,66,69
26,地铁站,2018-01-02 16:00:00,16,4,49,1,0,34,34
27,商业区,2018-01-02 16:00:00,16,4,49,1,0,95,97
28,居住区,2018-01-02 16:00:00,16,4,49,1,0,43,44
29,交通枢纽,2018-01-02 16:00:00,16,4,49,1,0,87,92
30,校园,2018-01-02 16:00:00,16,4,49,1,0,80,77
31,地铁站,2018-01-02 16:00:00,16,4,49,1,0,46,47
32,商业区,2018-01-02 16:00:00,16,4,49,1,0,71,74
33,居住区,2018-01-02 16:00:00,16,4,49,1,0,43,38
34,交通枢纽,2018-01-02 16:00:00,16,4,49,1,0,70,73
35,校园,2018-01-02 16:00:00,16,4,49,1,0,51,59
36,地铁站,2018-01-02 16:00:00,16,4,49,1,0,45,40
37,商业区,2018-01-02 16:00:00,16,4,49,1,0,60,58
38,居住区,2018-01-02 16:00:00,16,4,49,1,0,49,49
39,交通枢纽,2018-01-02 16:00:00,16,4,49,1,0,62,43
40,校园,2018-01-02 16:00:00,16,4,49,1,0,62,59
41,地铁站,2018-01-02 16:00:00,16,4,49,1,0,45,40
42,商业区,2018-01-02 16:00:00,16,4,49,1,0,117,83
43,居住区,2018-01-02 16:00:00,16,4,49,1,0,68,65
44,交通枢纽,2018-01-02 16:00:00,16,4,49,1,0,79,79
45,校园,2018-01-02 16:00:00,16,4,49,1,0,83,78
46,地铁站,2018-01-02 16:00:00,16,4,49,1,0,31,37
47,商业区,2018-01-02 16:00:00,16,4,49,1,0,85,87
48,居住区,2018-01-02 16:00:00,16,4,49,1,0,67,56
49,交通枢纽,2018-01-02 16:00:00,16,4,49,1,0,75,68
50,校园,2018-01-02 16:00:00,16,4,49,1,0,65,65
1,地铁站,2018-01-02 17:00:00,17,3,53,1,0,55,48
2,商业区,2018-01-02 17:00:00,17,3,53,1,0,47,53
3,居住区,2018-01-02 17:00:00,17,3,53,1,0,41,42
4,交通枢纽,2018-01-02 17:00:00,17,3,53,1,0,49,58
5,校园,2018-01-02 17:00:00,17,3,53,1,0,50,51
6,地铁站,2018-01-02 17:00:00,17,3,53,1,0,97,85
7,商业区,2018-01-02 17:00:00,17,3,53,1,0,48,36
8,居住区,2018-01-02 17:00:00,17,3,53,1,0,56,52
9,交通枢纽,2018-01-02 17:00:00,17,3,53,1,0,50,35
10,校园,2018-01-02 17:00:00,17,3,53,1,0,48,40
11,地铁站,2018-01-02 17:00:00,17,3,53,1,0,69,67
12,商业区,2018-01-02 17:00:00,17,3,53,1,0,44,45
13,居住区,2018-01-02 17:00:00,17,3,53,1,0,45,37
14,交通枢纽,2018-01-02 17:00:00,17,3,53,1,0,43,54
15,校园,2018-01-02 17:00:00,17,3,53,1,0,45,56
16,地铁站,2018-01-02 17:00:00,17,3,53,1,0,75,75
17,商业区,2018-01-02 17:00:00,17,3,53,1,0,45,53
18,居住区,2018-01-02 17:00:00,17,3,53,1,0,41,38
19,交通枢纽,2018-01-02 17:00:00,17,3,53,1,0,52,54
20,校园,2018-01-02 17:00:00,17,3,53,1,0,62,62
21,地铁站,2018-01-02 17:00:00,17,3,53,1,0,89,110
22,商业区,2018-01-02 17:00:00,17,3,53,1,0,39,40
23,居住区,2018-01-02 17:00:00,17,3,53,1,0,29,17
24,交通枢纽,2018-01-02 17:00:00,17,3,53,1,0,57,56
25,校园,2018-01-02 17:00:00,17,3,53,1,0,47,48
26,地铁站,2018-01-02 17:00:00,17,3,53,1,0,78,91
27,商业区,2018-01-02 17:00:00,17,3,53,1,0,37,32
28,居住区,2018-01-02 17:00:00,17,3,53,1,0,50,48
29,交通枢纽,2018-01-02 17:00:00,17,3,53,1,0,58,53
30,校园,2018-01-02 17:00:00,17,3,53,1,0,46,46
31,地铁站,2018-01-02 17:00:00,17,3,53,1,0,79,84
32,商业区,2018-01-02 17:00:00,17,3,53,1,0,35,25
33,居住区,2018-01-02 17:00:00,17,3,53,1,0,38,42
34,交通枢纽,2018-01-02 17:00:00,17,3,53,1,0,49,47
35,校园,2018-01-02 17:00:00,17,3,53,1,0,63,56
36,地铁站,2018-01-02 17:00:00,17,3,53,1,0,54,52
37,商业区,2018-01-02 17:00:00,17,3,53,1,0,33,28
38,居住区,2018-01-02 17:00:00,17,3,53,1,0,40,42
39,交通枢纽,2018-01-02 17:00:00,17,3,53,1,0,52,54
40,校园,2018-01-02 17:00:00,17,3,53,1,0,72,68
41,地铁站,2018-01-02 17:00:00,17,3,53,1,0,83,76
42,商业区,2018-01-02 17:00:00,17,3,53,1,0,30,27
43,居住区,2018-01-02 17:00:00,17,3,53,1,0,38,40
44,交通枢纽,2018-01-02 17:00:00,17,3,53,1,0,77,68
45,校园,2018-01-02 17:00:00,17,3,53,1,0,48,47
46,地铁站,2018-01-02 17:00:00,17,3,53,1,0,85,88
47,商业区,2018-01-02 17:00:00,17,3,53,1,0,46,29
48,居住区,2018-01-02 17:00:00,17,3,53,1,0,22,20
49,交通枢纽,2018-01-02 17:00:00,17,3,53,1,0,64,48
50,校园,2018-01-02 17:00:00,17,3,53,1,0,21,22
1,地铁站,2018-01-02 18:00:00,18,2,58,1,0,68,56
2,商业区,2018-01-02 18:00:00,18,2,58,1,0,24,20
3,居住区,2018-01-02 18:00:00,18,2,58,1,0,35,31
4,交通枢纽,2018-01-02 18:00:00,18,2,58,1,0,47,26
5,校园,2018-01-02 18:00:00,18,2,58,1,0,36,29
6,地铁站,2018-01-02 18:00:00,18,2,58,1,0,62,56
7,商业区,2018-01-02 18:00:00,18,2,58,1,0,35,25
8,居住区,2018-01-02 18:00:00,18,2,58,1,0,35,37
9,交通枢纽,2018-01-02 18:00:00,18,2,58,1,0,59,54
10,校园,2018-01-02 18:00:00,18,2,58,1,0,46,33
11,地铁站,2018-01-02 18:00:00,18,2,58,1,0,34,38
12,商业区,2018-01-02 18:00:00,18,2,58,1,0,30,35
13,居住区,2018-01-02 18:00:00,18,2,58,1,0,25,26
14,交通枢纽,2018-01-02 18:00:00,18,2,58,1,0,59,62
15,校园,2018-01-02 18:00:00,18,2,58,1,0,46,46
16,地铁站,2018-01-02 18:00:00,18,2,58,1,0,44,52
17,商业区,2018-01-02 18:00:00,18,2,58,1,0,26,27
18,居住区,2018-01-02 18:00:00,18,2,58,1,0,23,18
19,交通枢纽,2018-01-02 18:00:00,18,2,58,1,0,56,53
20,校园,2018-01-02 18:00:00,18,2,58,1,0,56,55
21,地铁站,2018-01-02 18:00:00,18,2,58,1,0,41,46
22,商业区,2018-01-02 18:00:00,18,2,58,1,0,26,28
23,居住区,2018-01-02 18:00:00,18,2,58,1,0,35,26
24,交通枢纽,2018-01-02 18:00:00,18,2,58,1,0,45,59
25,校园,2018-01-02 18:00:00,18,2,58,1,0,47,46
26,地铁站,2018-01-02 18:00:00,18,2,58,1,0,79,81
27,商业区,2018-01-02 18:00:00,18,2,58,1,0,31,25
28,居住区,2018-01-02 18:00:00,18,2,58,1,0,36,41
29,交通枢纽,2018-01-02 18:00:00,18,2,58,1,0,36,43
30,校园,2018-01-02 18:00:00,18,2,58,1,0,42,36
31,地铁站,2018-01-02 18:00:00,18,2,58,1,0,78,74
32,商业区,2018-01-02 18:00:00,18,2,58,1,0,35,33
33,居住区,2018-01-02 18:00:00,18,2,58,1,0,34,36
34,交通枢纽,2018-01-02 18:00:00,18,2,58,1,0,46,32
35,校园,2018-01-02 18:00:00,18,2,58,1,0,33,37
36,地铁站,2018-01-02 18:00:00,18,2,58,1,0,63,58
37,商业区,2018-01-02 18:00:00,18,2,58,1,0,22,18
38,居住区,2018-01-02 18:00:00,18,2,58,1,0,20,19
39,交通枢纽,2018-01-02 18:00:00,18,2,58,1,0,38,32
40,校园,2018-01-02 18:00:00,18,2,58,1,0,43,45
41,地铁站,2018-01-02 18:00:00,18,2,58,1,0,92,71
42,商业区,2018-01-02 18:00:00,18,2,58,1,0,37,42
43,居住区,2018-01-02 18:00:00,18,2,58,1,0,29,29
44,交通枢纽,2018-01-02 18:00:00,18,2,58,1,0,39,40
45,校园,2018-01-02 18:00:00,18,2,58,1,0,56,61
46,地铁站,2018-01-02 18:00:00,18,2,58,1,0,72,67
47,商业区,2018-01-02 18:00:00,18,2,58,1,0,21,20
48,居住区,2018-01-02 18:00:00,18,2,58,1,0,43,33
49,交通枢纽,2018-01-02 18:00:00,18,2,58,1,0,34,34
50,校园,2018-01-02 18:00:00,18,2,58,1,0,35,30
1,地铁站,2018-01-02 19:00:00,19,1,62,1,0,50,39
2,商业区,2018-01-02 19:00:00,19,1,62,1,0,20,22
3,居住区,2018-01-02 19:00:00,19,1,62,1,0,21,15
4,交通枢纽,2018-01-02 19:00:00,19,1,62,1,0,32,35
5,校园,2018-01-02 19:00:00,19,1,62,1,0,35,32
6,地铁站,2018-01-02 19:00:00,19,1,62,1,0,55,40
7,商业区,2018-01-02 19:00:00,19,1,62,1,0,28,29
8,居住区,2018-01-02 19:00:00,19,1,62,1,0,27,31
9,交通枢纽,2018-01-02 19:00:00,19,1,62,1,0,28,32
10,校园,2018-01-02 19:00:00,19,1,62,1,0,37,35
11,地铁站,2018-01-02 19:00:00,19,1,62,1,0,54,53
12,商业区,2018-01-02 19:00:00,19,1,62,1,0,32,26
13,居住区,2018-01-02 19:00:00,19,1,62,1,0,24,27
14,交通枢纽,2018-01-02 19:00:00,19,1,62,1,0,32,36
15,校园,2018-01-02 19:00:00,19,1,62,1,0,49,46
16,地铁站,2018-01-02 19:00:00,19,1,62,1,0,62,51
17,商业区,2018-01-02 19:00:00,19,1,62,1,0,29,29
18,居住区,2018-01-02 19:00:00,19,1,62,1,0,32,28
19,交通枢纽,2018-01-02 19:00:00,19,1,62,1,0,24,25
20,校园,2018-01-02 19:00:00,19,1,62,1,0,21,20
21,地铁站,2018-01-02 19:00:00,19,1,62,1,0,65,66
22,商业区,2018-01-02 19:00:00,19,1,62,1,0,35,40
23,居住区,2018-01-02 19:00:00,19,1,62,1,0,25,25
24,交通枢纽,2018-01-02 19:00:00,19,1,62,1,0,36,27
25,校园,2018-01-02 19:00:00,19,1,62,1,0,29,26
26,地铁站,2018-01-02 19:00:00,19,1,62,1,0,32,32
27,商业区,2018-01-02 19:00:00,19,1,62,1,0,24,17
28,居住区,2018-01-02 19:00:00,19,1,62,1,0,31,34
29,交通枢纽,2018-01-02 19:00:00,19,1,62,1,0,38,36
30,校园,2018-01-02 19:00:00,19,1,62,1,0,41,45
31,地铁站,2018-01-02 19:00:00,19,1,62,1,0,58,50
32,商业区,2018-01-02 19:00:00,19,1,62,1,0,27,31
33,居住区,2018-01-02 19:00:00,19,1,62,1,0,25,32
34,交通枢纽,2018-01-02 19:00:00,19,1,62,1,0,32,32
35,校园,2018-01-02 19:00:00,19,1,62,1,0,31,32
36,地铁站,2018-01-02 19:00:00,19,1,62,1,0,35,32
37,商业区,2018-01-02 19:00:00,19,1,62,1,0,20,20
38,居住区,2018-01-02 19:00:00,19,1,62,1,0,35,38
39,交通枢纽,2018-01-02 19:00:00,19,1,62,1,0,19,24
40,校园,2018-01-02 19:00:00,19,1,62,1,0,38,33
41,地铁站,2018-01-02 19:00:00,19,1,62,1,0,56,57
42,商业区,2018-01-02 19:00:00,19,1,62,1,0,22,22
43,居住区,2018-01-02 19:00:00,19,1,62,1,0,25,23
44,交通枢纽,2018-01-02 19:00:00,19,1,62,1,0,31,24
45,校园,2018-01-02 19:00:00,19,1,62,1,0,37,40
46,地铁站,2018-01-02 19:00:00,19,1,62,1,0,60,67
47,商业区,2018-01-02 19:00:00,19,1,62,1,0,27,24
48,居住区,2018-01-02 19:00:00,19,1,62,1,0,34,27
49,交通枢纽,2018-01-02 19:00:00,19,1,62,1,0,30,25
50,校园,2018-01-02 19:00:00,19,1,62,1,0,44,50
1,地铁站,2018-01-02 20:00:00,20,0,66,1,0,18,20
2,商业区,2018-01-02 20:00:00,20,0,66,1,0,16,16
3,居住区,2018-01-02 20:00:00,20,0,66,1,0,38,42
4,交通枢纽,2018-01-02 20:00:00,20,0,66,1,0,27,25
5,校园,2018-01-02 20:00:00,20,0,66,1,0,31,35
6,地铁站,2018-01-02 20:00:00,20,0,66,1,0,14,13
7,商业区,2018-01-02 20:00:00,20,0,66,1,0,15,9
8,居住区,2018-01-02 20:00:00,20,0,66,1,0,41,44
9,交通枢纽,2018-01-02 20:00:00,20,0,66,1,0,29,20
10,校园,2018-01-02 20:00:00,20,0,66,1,0,26,17
11,地铁站,2018-01-02 20:00:00,20,0,66,1,0,21,17
12,商业区,2018-01-02 20:00:00,20,0,66,1,0,24,27
13,居住区,2018-01-02 20:00:00,20,0,66,1,0,32,26
14,交通枢纽,2018-01-02 20:00:00,20,0,66,1,0,30,26
15,校园,2018-01-02 20:00:00,20,0,66,1,0,28,25
16,地铁站,2018-01-02 20:00:00,20,0,66,1,0,10,6
17,商业区,2018-01-02 20:00:00,20,0,66,1,0,20,18
18,居住区,2018-01-02 20:00:00,20,0,66,1,0,35,38
19,交通枢纽,2018-01-02 20:00:00,20,0,66,1,0,35,33
20,校园,2018-01-02 20:00:00,20,0,66,1,0,26,27
21,地铁站,2018-01-02 20:00:00,20,0,66,1,0,12,12
22,商业区,2018-01-02 20:00:00,20,0,66,1,0,22,24
23,居住区,2018-01-02 20:00:00,20,0,66,1,0,24,21
24,交通枢纽,2018-01-02 20:00:00,20,0,66,1,0,23,23
25,校园,2018-01-02 20:00:00,20,0,66,1,0,31,37
26,地铁站,2018-01-02 20:00:00,20,0,66,1,0,15,13
27,商业区,2018-01-02 20:00:00,20,0,66,1,0,24,25
28,居住区,2018-01-02 20:00:00,20,0,66,1,0,49,51
29,交通枢纽,2018-01-02 20:00:00,20,0,66,1,0,21,16
30,校园,2018-01-02 20:00:00,20,0,66,1,0,19,20
31,地铁站,2018-01-02 20:00:00,20,0,66,1,0,21,26
32,商业区,2018-01-02 20:00:00,20,0,66,1,0,23,27
33,居住区,2018-01-02 20:00:00,20,0,66,1,0,35,28
34,交通枢纽,2018-01-02 20:00:00,20,0,66,1,0,33,35
35,校园,2018-01-02 20:00:00,20,0,66,1,0,29,30
36,地铁站,2018-01-02 20:00:00,20,0,66,1,0,18,21
37,商业区,2018-01-02 20:00:00,20,0,66,1,0,25,27
38,居住区,2018-01-02 20:00:00,20,0,66,1,0,46,49
39,交通枢纽,2018-01-02 20:00:00,20,0,66,1,0,25,27
40,校园,2018-01-02 20:00:00,20,0,66,1,0,20,23
41,地铁站,2018-01-02 20:00:00,20,0,66,1,0,12,12
42,商业区,2018-01-02 20:00:00,20,0,66,1,0,16,17
43,居住区,2018-01-02 20:00:00,20,0,66,1,0,39,29
44,交通枢纽,2018-01-02 20:00:00,20,0,66,1,0,30,27
45,校园,2018-01-02 20:00:00,20,0,66,1,0,33,33
46,地铁站,2018-01-02 20:00:00,20,0,66,1,0,18,15
47,商业区,2018-01-02 20:00:00,20,0,66,1,0,17,15
48,居住区,2018-01-02 20:00:00,20,0,66,1,0,46,57
49,交通枢纽,2018-01-02 20:00:00,20,0,66,1,0,23,26
50,校园,2018-01-02 20:00:00,20,0,66,1,0,16,13
1,地铁站,2018-01-02 21:00:00,21,-1,68,1,0,10,7
2,商业区,2018-01-02 21:00:00,21,-1,68,1,0,10,10
3,居住区,2018-01-02 21:00:00,21,-1,68,1,0,28,29
4,交通枢纽,2018-01-02 21:00:00,21,-1,68,1,0,23,23
5,校园,2018-01-02 21:00:00,21,-1,68,1,0,23,22
6,地铁站,2018-01-02 21:00:00,21,-1,68,1,0,9,10
7,商业区,2018-01-02 21:00:00,21,-1,68,1,0,12,10
8,居住区,2018-01-02 21:00:00,21,-1,68,1,0,28,24
9,交通枢纽,2018-01-02 21:00:00,21,-1,68,1,0,19,19
10,校园,2018-01-02 21:00:00,21,-1,68,1,0,22,19
11,地铁站,2018-01-02 21:00:00,21,-1,68,1,0,11,12
12,商业区,2018-01-02 21:00:00,21,-1,68,1,0,16,20
13,居住区,2018-01-02 21:00:00,21,-1,68,1,0,36,42
14,交通枢纽,2018-01-02 21:00:00,21,-1,68,1,0,15,16
15,校园,2018-01-02 21:00:00,21,-1,68,1,0,20,18
16,地铁站,2018-01-02 21:00:00,21,-1,68,1,0,13,14
17,商业区,2018-01-02 21:00:00,21,-1,68,1,0,16,13
18,居住区,2018-01-02 21:00:00,21,-1,68,1,0,33,29
19,交通枢纽,2018-01-02 21:00:00,21,-1,68,1,0,21,20
20,校园,2018-01-02 21:00:00,21,-1,68,1,0,20,22
21,地铁站,2018-01-02 21:00:00,21,-1,68,1,0,9,11
22,商业区,2018-01-02 21:00:00,21,-1,68,1,0,9,8
23,居住区,2018-01-02 21:00:00,21,-1,68,1,0,31,33
24,交通枢纽,2018-01-02 21:00:00,21,-1,68,1,0,20,19
25,校园,2018-01-02 21:00:00,21,-1,68,1,0,22,21
26,地铁站,2018-01-02 21:00:00,21,-1,68,1,0,16,18
27,商业区,2018-01-02 21:00:00,21,-1,68,1,0,17,14
28,居住区,2018-01-02 21:00:00,21,-1,68,1,0,28,26
29,交通枢纽,2018-01-02 21:00:00,21,-1,68,1,0,16,16
30,校园,2018-01-02 21:00:00,21,-1,68,1,0,18,19
31,地铁站,2018-01-02 21:00:00,21,-1,68,1,0,9,11
32,商业区,2018-01-02 21:00:00,21,-1,68,1,0,12,12
33,居住区,2018-01-02 21:00:00,21,-1,68,1,0,34,31
34,交通枢纽,2018-01-02 21:00:00,21,-1,68,1,0,24,19
35,校园,2018-01-02 21:00:00,21,-1,68,1,0,27,27
36,地铁站,2018-01-02 21:00:00,21,-1,68,1,0,11,10
37,商业区,2018-01-02 21:00:00,21,-1,68,1,0,17,15
38,居住区,2018-01-02 21:00:00,21,-1,68,1,0,24,23
39,交通枢纽,2018-01-02 21:00:00,21,-1,68,1,0,16,20
40,校园,2018-01-02 21:00:00,21,-1,68,1,0,18,20
41,地铁站,2018-01-02 21:00:00,21,-1,68,1,0,13,11
42,商业区,2018-01-02 21:00:00,21,-1,68,1,0,14,15
43,居住区,2018-01-02 21:00:00,21,-1,68,1,0,28,33
44,交通枢纽,2018-01-02 21:00:00,21,-1,68,1,0,25,28
45,校园,2018-01-02 21:00:00,21,-1,68,1,0,19,15
46,地铁站,2018-01-02 21:00:00,21,-1,68,1,0,11,11
47,商业区,2018-01-02 21:00:00,21,-1,68,1,0,16,10
48,居住区,2018-01-02 21:00:00,21,-1,68,1,0,29,29
49,交通枢纽,2018-01-02 21:00:00,21,-1,68,1,0,19,22
50,校园,2018-01-02 21:00:00,21,-1,68,1,0,22,26
1,地铁站,2018-01-02 22:00:00,22,-1,69,1,0,8,9
2,商业区,2018-01-02 22:00:00,22,-1,69,1,0,13,15
3,居住区,2018-01-02 22:00:00,22,-1,69,1,0,15,14
4,交通枢纽,2018-01-02 22:00:00,22,-1,69,1,0,13,13
5,校园,2018-01-02 22:00:00,22,-1,69,1,0,16,13
6,地铁站,2018-01-02 22:00:00,22,-1,69,1,0,8,5
7,商业区,2018-01-02 22:00:00,22,-1,69,1,0,12,11
8,居住区,2018-01-02 22:00:00,22,-1,69,1,0,20,19
9,交通枢纽,2018-01-02 22:00:00,22,-1,69,1,0,17,9
10,校园,2018-01-02 22:00:00,22,-1,69,1,0,14,13
11,地铁站,2018-01-02 22:00:00,22,-1,69,1,0,7,8
12,商业区,2018-01-02 22:00:00,22,-1,69,1,0,8,8
13,居住区,2018-01-02 22:00:00,22,-1,69,1,0,21,24
14,交通枢纽,2018-01-02 22:00:00,22,-1,69,1,0,12,10
15,校园,2018-01-02 22:00:00,22,-1,69,1,0,17,18
16,地铁站,2018-01-02 22:00:00,22,-1,69,1,0,5,4
17,商业区,2018-01-02 22:00:00,22,-1,69,1,0,10,11
18,居住区,2018-01-02 22:00:00,22,-1,69,1,0,17,9
19,交通枢纽,2018-01-02 22:00:00,22,-1,69,1,0,15,12
20,校园,2018-01-02 22:00:00,22,-1,69,1,0,8,4
21,地铁站,2018-01-02 22:00:00,22,-1,69,1,0,10,10
22,商业区,2018-01-02 22:00:00,22,-1,69,1,0,9,10
23,居住区,2018-01-02 22:00:00,22,-1,69,1,0,22,27
24,交通枢纽,2018-01-02 22:00:00,22,-1,69,1,0,10,9
25,校园,2018-01-02 22:00:00,22,-1,69,1,0,9,8
26,地铁站,2018-01-02 22:00:00,22,-1,69,1,0,8,8
27,商业区,2018-01-02 22:00:00,22,-1,69,1,0,10,10
28,居住区,2018-01-02 22:00:00,22,-1,69,1,0,22,29
29,交通枢纽,2018-01-02 22:00:00,22,-1,69,1,0,13,11
30,校园,2018-01-02 22:00:00,22,-1,69,1,0,15,13
31,地铁站,2018-01-02 22:00:00,22,-1,69,1,0,11,10
32,商业区,2018-01-02 22:00:00,22,-1,69,1,0,8,7
33,居住区,2018-01-02 22:00:00,22,-1,69,1,0,23,22
34,交通枢纽,2018-01-02 22:00:00,22,-1,69,1,0,12,14
35,校园,2018-01-02 22:00:00,22,-1,69,1,0,11,11
36,地铁站,2018-01-02 22:00:00,22,-1,69,1,0,9,6
37,商业区,2018-01-02 22:00:00,22,-1,69,1,0,11,9
38,居住区,2018-01-02 22:00:00,22,-1,69,1,0,23,19
39,交通枢纽,2018-01-02 22:00:00,22,-1,69,1,0,16,18
40,校园,2018-01-02 22:00:00,22,-1,69,1,0,16,16
41,地铁站,2018-01-02 22:00:00,22,-1,69,1,0,8,7
42,商业区,2018-01-02 22:00:00,22,-1,69,1,0,13,11
43,居住区,2018-01-02 22:00:00,22,-1,69,1,0,15,16
44,交通枢纽,2018-01-02 22:00:00,22,-1,69,1,0,12,10
45,校园,2018-01-02 22:00:00,22,-1,69,1,0,10,9
46,地铁站,2018-01-02 22:00:00,22,-1,69,1,0,8,8
47,商业区,2018-01-02 22:00:00,22,-1,69,1,0,11,11
48,居住区,2018-01-02 22:00:00,22,-1,69,1,0,19,18
49,交通枢纽,2018-01-02 22:00:00,22,-1,69,1,0,15,17
50,校园,2018-01-02 22:00:00,22,-1,69,1,0,14,13
1,地铁站,2018-01-02 23:00:00,23,-2,70,1,0,4,3
2,商业区,2018-01-02 23:00:00,23,-2,70,1,0,7,7
3,居住区,2018-01-02 23:00:00,23,-2,70,1,0,8,7
4,交通枢纽,2018-01-02 23:00:00,23,-2,70,1,0,12,11
5,校园,2018-01-02 23:00:00,23,-2,70,1,0,11,10
6,地铁站,2018-01-02 23:00:00,23,-2,70,1,0,5,5
7,商业区,2018-01-02 23:00:00,23,-2,70,1,0,7,7
8,居住区,2018-01-02 23:00:00,23,-2,70,1,0,7,6
9,交通枢纽,2018-01-02 23:00:00,23,-2,70,1,0,14,16
10,校园,2018-01-02 23:00:00,23,-2,70,1,0,10,10
11,地铁站,2018-01-02 23:00:00,23,-2,70,1,0,6,6
12,商业区,2018-01-02 23:00:00,23,-2,70,1,0,6,5
13,居住区,2018-01-02 23:00:00,23,-2,70,1,0,7,3
14,交通枢纽,2018-01-02 23:00:00,23,-2,70,1,0,10,9
15,校园,2018-01-02 23:00:00,23,-2,70,1,0,12,12
16,地铁站,2018-01-02 23:00:00,23,-2,70,1,0,4,3
17,商业区,2018-01-02 23:00:00,23,-2,70,1,0,5,5
18,居住区,2018-01-02 23:00:00,23,-2,70,1,0,8,9
19,交通枢纽,2018-01-02 23:00:00,23,-2,70,1,0,8,8
20,校园,2018-01-02 23:00:00,23,-2,70,1,0,6,6
21,地铁站,2018-01-02 23:00:00,23,-2,70,1,0,6,6
22,商业区,2018-01-02 23:00:00,23,-2,70,1,0,6,6
23,居住区,2018-01-02 23:00:00,23,-2,70,1,0,10,9
24,交通枢纽,2018-01-02 23:00:00,23,-2,70,1,0,9,7
25,校园,2018-01-02 23:00:00,23,-2,70,1,0,7,7
26,地铁站,2018-01-02 23:00:00,23,-2,70,1,0,7,6
27,商业区,2018-01-02 23:00:00,23,-2,70,1,0,6,5
28,居住区,2018-01-02 23:00:00,23,-2,70,1,0,6,6
29,交通枢纽,2018-01-02 23:00:00,23,-2,70,1,0,6,7
30,校园,2018-01-02 23:00:00,23,-2,70,1,0,8,8
31,地铁站,2018-01-02 23:00:00,23,-2,70,1,0,4,4
32,商业区,2018-01-02 23:00:00,23,-2,70,1,0,7,7
33,居住区,2018-01-02 23:00:00,23,-2,70,1,0,6,6
34,交通枢纽,2018-01-02 23:00:00,23,-2,70,1,0,7,6
35,校园,2018-01-02 23:00:00,23,-2,70,1,0,11,12
36,地铁站,2018-01-02 23:00:00,23,-2,70,1,0,5,4
37,商业区,2018-01-02 23:00:00,23,-2,70,1,0,7,7
38,居住区,2018-01-02 23:00:00,23,-2,70,1,0,4,4
39,交通枢纽,2018-01-02 23:00:00,23,-2,70,1,0,9,10
40,校园,2018-01-02 23:00:00,23,-2,70,1,0,7,3
41,地铁站,2018-01-02 23:00:00,23,-2,70,1,0,6,6
42,商业区,2018-01-02 23:00:00,23,-2,70,1,0,4,3
43,居住区,2018-01-02 23:00:00,23,-2,70,1,0,11,10
44,交通枢纽,2018-01-02 23:00:00,23,-2,70,1,0,11,9
45,校园,2018-01-02 23:00:00,23,-2,70,1,0,5,4
46,地铁站,2018-01-02 23:00:00,23,-2,70,1,0,5,4
47,商业区,2018-01-02 23:00:00,23,-2,70,1,0,6,6
48,居住区,2018-01-02 23:00:00,23,-2,70,1,0,7,5
49,交通枢纽,2018-01-02 23:00:00,23,-2,70,1,0,10,7
50,校园,2018-01-02 23:00:00,23,-2,70,1,0,5,5
1,地铁站,2018-01-05 00:00:00,0,-5,65,1,1,3,2
2,商业区,2018-01-05 00:00:00,0,-5,65,1,1,2,1
3,居住区,2018-01-05 00:00:00,0,-5,65,1,1,3,2
4,交通枢纽,2018-01-05 00:00:00,0,-5,65,1,1,4,4
5,校园,2018-01-05 00:00:00,0,-5,65,1,1,6,5
6,地铁站,2018-01-05 00:00:00,0,-5,65,1,1,3,2
7,商业区,2018-01-05 00:00:00,0,-5,65,1,1,3,2
8,居住区,2018-01-05 00:00:00,0,-5,65,1,1,4,3
9,交通枢纽,2018-01-05 00:00:00,0,-5,65,1,1,6,5
10,校园,2018-01-05 00:00:00,0,-5,65,1,1,5,4
11,地铁站,2018-01-05 00:00:00,0,-5,65,1,1,2,1
12,商业区,2018-01-05 00:00:00,0,-5,65,1,1,2,1
13,居住区,2018-01-05 00:00:00,0,-5,65,1,1,3,3
14,交通枢纽,2018-01-05 00:00:00,0,-5,65,1,1,5,5
15,校园,2018-01-05 00:00:00,0,-5,65,1,1,5,4
16,地铁站,2018-01-05 00:00:00,0,-5,65,1,1,3,2
17,商业区,2018-01-05 00:00:00,0,-5,65,1,1,3,3
18,居住区,2018-01-05 00:00:00,0,-5,65,1,1,2,2
19,交通枢纽,2018-01-05 00:00:00,0,-5,65,1,1,4,3
20,校园,2018-01-05 00:00:00,0,-5,65,1,1,6,5
21,地铁站,2018-01-05 00:00:00,0,-5,65,1,1,2,2
22,商业区,2018-01-05 00:00:00,0,-5,65,1,1,3,2
23,居住区,2018-01-05 00:00:00,0,-5,65,1,1,4,4
24,交通枢纽,2018-01-05 00:00:00,0,-5,65,1,1,2,1
25,校园,2018-01-05 00:00:00,0,-5,65,1,1,4,4
26,地铁站,2018-01-05 00:00:00,0,-5,65,1,1,1,1
27,商业区,2018-01-05 00:00:00,0,-5,65,1,1,3,3
28,居住区,2018-01-05 00:00:00,0,-5,65,1,1,4,5
29,交通枢纽,2018-01-05 00:00:00,0,-5,65,1,1,5,5
30,校园,2018-01-05 00:00:00,0,-5,65,1,1,5,4
31,地铁站,2018-01-05 00:00:00,0,-5,65,1,1,2,1
32,商业区,2018-01-05 00:00:00,0,-5,65,1,1,3,2
33,居住区,2018-01-05 00:00:00,0,-5,65,1,1,3,2
34,交通枢纽,2018-01-05 00:00:00,0,-5,65,1,1,5,4
35,校园,2018-01-05 00:00:00,0,-5,65,1,1,5,4
36,地铁站,2018-01-05 00:00:00,0,-5,65,1,1,4,4
37,商业区,2018-01-05 00:00:00,0,-5,65,1,1,2,2
38,居住区,2018-01-05 00:00:00,0,-5,65,1,1,3,2
39,交通枢纽,2018-01-05 00:00:00,0,-5,65,1,1,3,3
40,校园,2018-01-05 00:00:00,0,-5,65,1,1,4,4
41,地铁站,2018-01-05 00:00:00,0,-5,65,1,1,3,3
42,商业区,2018-01-05 00:00:00,0,-5,65,1,1,2,2
43,居住区,2018-01-05 00:00:00,0,-5,65,1,1,4,3
44,交通枢纽,2018-01-05 00:00:00,0,-5,65,1,1,4,4
45,校园,2018-01-05 00:00:00,0,-5,65,1,1,5,5
46,地铁站,2018-01-05 00:00:00,0,-5,65,1,1,2,1
47,商业区,2018-01-05 00:00:00,0,-5,65,1,1,3,2
48,居住区,2018-01-05 00:00:00,0,-5,65,1,1,3,2
49,交通枢纽,2018-01-05 00:00:00,0,-5,65,1,1,3,2
50,校园,2018-01-05 00:00:00,0,-5,65,1,1,5,5
1,地铁站,2018-01-05 01:00:00,1,-6,68,1,1,1,0
2,商业区,2018-01-05 01:00:00,1,-6,68,1,1,2,1
3,居住区,2018-01-05 01:00:00,1,-6,68,1,1,3,3
4,交通枢纽,2018-01-05 01:00:00,1,-6,68,1,1,3,2
5,校园,2018-01-05 01:00:00,1,-6,68,1,1,3,2
6,地铁站,2018-01-05 01:00:00,1,-6,68,1,1,1,1
7,商业区,2018-01-05 01:00:00,1,-6,68,1,1,2,2
8,居住区,2018-01-05 01:00:00,1,-6,68,1,1,2,2
9,交通枢纽,2018-01-05 01:00:00,1,-6,68,1,1,4,3
10,校园,2018-01-05 01:00:00,1,-6,68,1,1,4,4
11,地铁站,2018-01-05 01:00:00,1,-6,68,1,1,2,2
12,商业区,2018-01-05 01:00:00,1,-6,68,1,1,2,2
13,居住区,2018-01-05 01:00:00,1,-6,68,1,1,3,2
14,交通枢纽,2018-01-05 01:00:00,1,-6,68,1,1,3,3
15,校园,2018-01-05 01:00:00,1,-6,68,1,1,2,1
16,地铁站,2018-01-05 01:00:00,1,-6,68,1,1,2,1
17,商业区,2018-01-05 01:00:00,1,-6,68,1,1,3,3
18,居住区,2018-01-05 01:00:00,1,-6,68,1,1,2,2
19,交通枢纽,2018-01-05 01:00:00,1,-6,68,1,1,3,3
20,校园,2018-01-05 01:00:00,1,-6,68,1,1,4,3
21,地铁站,2018-01-05 01:00:00,1,-6,68,1,1,2,1
22,商业区,2018-01-05 01:00:00,1,-6,68,1,1,2,1
23,居住区,2018-01-05 01:00:00,1,-6,68,1,1,3,3
24,交通枢纽,2018-01-05 01:00:00,1,-6,68,1,1,3,2
25,校园,2018-01-05 01:00:00,1,-6,68,1,1,3,3
26,地铁站,2018-01-05 01:00:00,1,-6,68,1,1,2,2
27,商业区,2018-01-05 01:00:00,1,-6,68,1,1,2,2
28,居住区,2018-01-05 01:00:00,1,-6,68,1,1,3,2
29,交通枢纽,2018-01-05 01:00:00,1,-6,68,1,1,3,3
30,校园,2018-01-05 01:00:00,1,-6,68,1,1,3,3
31,地铁站,2018-01-05 01:00:00,1,-6,68,1,1,2,1
32,商业区,2018-01-05 01:00:00,1,-6,68,1,1,2,2
33,居住区,2018-01-05 01:00:00,1,-6,68,1,1,2,1
34,交通枢纽,2018-01-05 01:00:00,1,-6,68,1,1,2,2
35,校园,2018-01-05 01:00:00,1,-6,68,1,1,3,3
36,地铁站,2018-01-05 01:00:00,1,-6,68,1,1,2,1
37,商业区,2018-01-05 01:00:00,1,-6,68,1,1,2,1
38,居住区,2018-01-05 01:00:00,1,-6,68,1,1,2,1
39,交通枢纽,2018-01-05 01:00:00,1,-6,68,1,1,4,4
40,校园,2018-01-05 01:00:00,1,-6,68,1,1,3,2
41,地铁站,2018-01-05 01:00:00,1,-6,68,1,1,1,1
42,商业区,2018-01-05 01:00:00,1,-6,68,1,1,2,1
43,居住区,2018-01-05 01:00:00,1,-6,68,1,1,3,3
44,交通枢纽,2018-01-05 01:00:00,1,-6,68,1,1,3,3
45,校园,2018-01-05 01:00:00,1,-6,68,1,1,3,4
46,地铁站,2018-01-05 01:00:00,1,-6,68,1,1,1,1
47,商业区,2018-01-05 01:00:00,1,-6,68,1,1,2,2
48,居住区,2018-01-05 01:00:00,1,-6,68,1,1,2,1
49,交通枢纽,2018-01-05 01:00:00,1,-6,68,1,1,4,5
50,校园,2018-01-05 01:00:00,1,-6,68,1,1,4,3
1,地铁站,2018-01-05 02:00:00,2,-6,70,1,1,1,0
2,商业区,2018-01-05 02:00:00,2,-6,70,1,1,1,0
3,居住区,2018-01-05 02:00:00,2,-6,70,1,1,2,1
4,交通枢纽,2018-01-05 02:00:00,2,-6,70,1,1,3,3
5,校园,2018-01-05 02:00:00,2,-6,70,1,1,2,1
6,地铁站,2018-01-05 02:00:00,2,-6,70,1,1,2,2
7,商业区,2018-01-05 02:00:00,2,-6,70,1,1,1,0
8,居住区,2018-01-05 02:00:00,2,-6,70,1,1,2,1
9,交通枢纽,2018-01-05 02:00:00,2,-6,70,1,1,1,1
10,校园,2018-01-05 02:00:00,2,-6,70,1,1,2,2
11,地铁站,2018-01-05 02:00:00,2,-6,70,1,1,1,0
12,商业区,2018-01-05 02:00:00,2,-6,70,1,1,1,0
13,居住区,2018-01-05 02:00:00,2,-6,70,1,1,3,2
14,交通枢纽,2018-01-05 02:00:00,2,-6,70,1,1,2,1
15,校园,2018-01-05 02:00:00,2,-6,70,1,1,3,3
16,地铁站,2018-01-05 02:00:00,2,-6,70,1,1,1,1
17,商业区,2018-01-05 02:00:00,2,-6,70,1,1,2,2
18,居住区,2018-01-05 02:00:00,2,-6,70,1,1,2,2
19,交通枢纽,2018-01-05 02:00:00,2,-6,70,1,1,4,3
20,校园,2018-01-05 02:00:00,2,-6,70,1,1,3,3
21,地铁站,2018-01-05 02:00:00,2,-6,70,1,1,1,0
22,商业区,2018-01-05 02:00:00,2,-6,70,1,1,1,0
23,居住区,2018-01-05 02:00:00,2,-6,70,1,1,2,2
24,交通枢纽,2018-01-05 02:00:00,2,-6,70,1,1,1,0
25,校园,2018-01-05 02:00:00,2,-6,70,1,1,3,2
26,地铁站,2018-01-05 02:00:00,2,-6,70,1,1,1,1
27,商业区,2018-01-05 02:00:00,2,-6,70,1,1,2,1
28,居住区,2018-01-05 02:00:00,2,-6,70,1,1,1,0
29,交通枢纽,2018-01-05 02:00:00,2,-6,70,1,1,3,3
30,校园,2018-01-05 02:00:00,2,-6,70,1,1,2,1
31,地铁站,2018-01-05 02:00:00,2,-6,70,1,1,1,1
32,商业区,2018-01-05 02:00:00,2,-6,70,1,1,1,0
33,居住区,2018-01-05 02:00:00,2,-6,70,1,1,2,1
34,交通枢纽,2018-01-05 02:00:00,2,-6,70,1,1,2,2
35,校园,2018-01-05 02:00:00,2,-6,70,1,1,2,2
36,地铁站,2018-01-05 02:00:00,2,-6,70,1,1,1,0
37,商业区,2018-01-05 02:00:00,2,-6,70,1,1,2,1
38,居住区,2018-01-05 02:00:00,2,-6,70,1,1,2,2
39,交通枢纽,2018-01-05 02:00:00,2,-6,70,1,1,2,2
40,校园,2018-01-05 02:00:00,2,-6,70,1,1,2,2
41,地铁站,2018-01-05 02:00:00,2,-6,70,1,1,1,1
42,商业区,2018-01-05 02:00:00,2,-6,70,1,1,1,0
43,居住区,2018-01-05 02:00:00,2,-6,70,1,1,2,2
44,交通枢纽,2018-01-05 02:00:00,2,-6,70,1,1,2,2
45,校园,2018-01-05 02:00:00,2,-6,70,1,1,2,1
46,地铁站,2018-01-05 02:00:00,2,-6,70,1,1,1,0
47,商业区,2018-01-05 02:00:00,2,-6,70,1,1,1,1
48,居住区,2018-01-05 02:00:00,2,-6,70,1,1,2,1
49,交通枢纽,2018-01-05 02:00:00,2,-6,70,1,1,3,2
50,校园,2018-01-05 02:00:00,2,-6,70,1,1,2,2
1,地铁站,2018-01-05 03:00:00,3,-7,72,1,1,1,1
2,商业区,2018-01-05 03:00:00,3,-7,72,1,1,1,1
3,居住区,2018-01-05 03:00:00,3,-7,72,1,1,1,1
4,交通枢纽,2018-01-05 03:00:00,3,-7,72,1,1,1,1
5,校园,2018-01-05 03:00:00,3,-7,72,1,1,1,1
6,地铁站,2018-01-05 03:00:00,3,-7,72,1,1,1,1
7,商业区,2018-01-05 03:00:00,3,-7,72,1,1,1,0
8,居住区,2018-01-05 03:00:00,3,-7,72,1,1,1,1
9,交通枢纽,2018-01-05 03:00:00,3,-7,72,1,1,2,1
10,校园,2018-01-05 03:00:00,3,-7,72,1,1,1,1
11,地铁站,2018-01-05 03:00:00,3,-7,72,1,1,0,0
12,商业区,2018-01-05 03:00:00,3,-7,72,1,1,1,0
13,居住区,2018-01-05 03:00:00,3,-7,72,1,1,1,0
14,交通枢纽,2018-01-05 03:00:00,3,-7,72,1,1,1,0
15,校园,2018-01-05 03:00:00,3,-7,72,1,1,2,2
16,地铁站,2018-01-05 03:00:00,3,-7,72,1,1,1,1
17,商业区,2018-01-05 03:00:00,3,-7,72,1,1,1,1
18,居住区,2018-01-05 03:00:00,3,-7,72,1,1,1,1
19,交通枢纽,2018-01-05 03:00:00,3,-7,72,1,1,2,2
20,校园,2018-01-05 03:00:00,3,-7,72,1,1,1,0
21,地铁站,2018-01-05 03:00:00,3,-7,72,1,1,1,1
22,商业区,2018-01-05 03:00:00,3,-7,72,1,1,1,0
23,居住区,2018-01-05 03:00:00,3,-7,72,1,1,1,1
24,交通枢纽,2018-01-05 03:00:00,3,-7,72,1,1,1,0
25,校园,2018-01-05 03:00:00,3,-7,72,1,1,2,2
26,地铁站,2018-01-05 03:00:00,3,-7,72,1,1,1,0
27,商业区,2018-01-05 03:00:00,3,-7,72,1,1,1,0
28,居住区,2018-01-05 03:00:00,3,-7,72,1,1,1,0
29,交通枢纽,2018-01-05 03:00:00,3,-7,72,1,1,2,2
30,校园,2018-01-05 03:00:00,3,-7,72,1,1,1,0
31,地铁站,2018-01-05 03:00:00,3,-7,72,1,1,1,0
32,商业区,2018-01-05 03:00:00,3,-7,72,1,1,1,1
33,居住区,2018-01-05 03:00:00,3,-7,72,1,1,1,1
34,交通枢纽,2018-01-05 03:00:00,3,-7,72,1,1,1,0
35,校园,2018-01-05 03:00:00,3,-7,72,1,1,1,0
36,地铁站,2018-01-05 03:00:00,3,-7,72,1,1,1,0
37,商业区,2018-01-05 03:00:00,3,-7,72,1,1,1,0
38,居住区,2018-01-05 03:00:00,3,-7,72,1,1,1,1
39,交通枢纽,2018-01-05 03:00:00,3,-7,72,1,1,1,0
40,校园,2018-01-05 03:00:00,3,-7,72,1,1,1,1
41,地铁站,2018-01-05 03:00:00,3,-7,72,1,1,1,0
42,商业区,2018-01-05 03:00:00,3,-7,72,1,1,1,1
43,居住区,2018-01-05 03:00:00,3,-7,72,1,1,1,0
44,交通枢纽,2018-01-05 03:00:00,3,-7,72,1,1,1,1
45,校园,2018-01-05 03:00:00,3,-7,72,1,1,1,1
46,地铁站,2018-01-05 03:00:00,3,-7,72,1,1,1,0
47,商业区,2018-01-05 03:00:00,3,-7,72,1,1,1,0
48,居住区,2018-01-05 03:00:00,3,-7,72,1,1,1,0
49,交通枢纽,2018-01-05 03:00:00,3,-7,72,1,1,2,1
50,校园,2018-01-05 03:00:00,3,-7,72,1,1,1,1
1,地铁站,2018-01-05 04:00:00,4,-7,73,1,1,1,0
2,商业区,2018-01-05 04:00:00,4,-7,73,1,1,1,1
3,居住区,2018-01-05 04:00:00,4,-7,73,1,1,2,2
4,交通枢纽,2018-01-05 04:00:00,4,-7,73,1,1,2,1
5,校园,2018-01-05 04:00:00,4,-7,73,1,1,1,1
6,地铁站,2018-01-05 04:00:00,4,-7,73,1,1,1,0
7,商业区,2018-01-05 04:00:00,4,-7,73,1,1,1,1
8,居住区,2018-01-05 04:00:00,4,-7,73,1,1,1,1
9,交通枢纽,2018-01-05 04:00:00,4,-7,73,1,1,1,0
10,校园,2018-01-05 04:00:00,4,-7,73,1,1,1,0
11,地铁站,2018-01-05 04:00:00,4,-7,73,1,1,1,1
12,商业区,2018-01-05 04:00:00,4,-7,73,1,1,1,0
13,居住区,2018-01-05 04:00:00,4,-7,73,1,1,2,1
14,交通枢纽,2018-01-05 04:00:00,4,-7,73,1,1,1,1
15,校园,2018-01-05 04:00:00,4,-7,73,1,1,2,2
16,地铁站,2018-01-05 04:00:00,4,-7,73,1,1,1,1
17,商业区,2018-01-05 04:00:00,4,-7,73,1,1,0,0
18,居住区,2018-01-05 04:00:00,4,-7,73,1,1,1,1
19,交通枢纽,2018-01-05 04:00:00,4,-7,73,1,1,1,1
20,校园,2018-01-05 04:00:00,4,-7,73,1,1,1,1
21,地铁站,2018-01-05 04:00:00,4,-7,73,1,1,1,0
22,商业区,2018-01-05 04:00:00,4,-7,73,1,1,1,1
23,居住区,2018-01-05 04:00:00,4,-7,73,1,1,1,0
24,交通枢纽,2018-01-05 04:00:00,4,-7,73,1,1,1,0
25,校园,2018-01-05 04:00:00,4,-7,73,1,1,2,2
26,地铁站,2018-01-05 04:00:00,4,-7,73,1,1,0,0
27,商业区,2018-01-05 04:00:00,4,-7,73,1,1,1,0
28,居住区,2018-01-05 04:00:00,4,-7,73,1,1,1,0
29,交通枢纽,2018-01-05 04:00:00,4,-7,73,1,1,1,0
30,校园,2018-01-05 04:00:00,4,-7,73,1,1,1,1
31,地铁站,2018-01-05 04:00:00,4,-7,73,1,1,1,0
32,商业区,2018-01-05 04:00:00,4,-7,73,1,1,1,1
33,居住区,2018-01-05 04:00:00,4,-7,73,1,1,1,0
34,交通枢纽,2018-01-05 04:00:00,4,-7,73,1,1,2,1
35,校园,2018-01-05 04:00:00,4,-7,73,1,1,1,1
36,地铁站,2018-01-05 04:00:00,4,-7,73,1,1,1,1
37,商业区,2018-01-05 04:00:00,4,-7,73,1,1,0,0
38,居住区,2018-01-05 04:00:00,4,-7,73,1,1,1,1
39,交通枢纽,2018-01-05 04:00:00,4,-7,73,1,1,1,0
40,校园,2018-01-05 04:00:00,4,-7,73,1,1,1,1
41,地铁站,2018-01-05 04:00:00,4,-7,73,1,1,0,0
42,商业区,2018-01-05 04:00:00,4,-7,73,1,1,1,1
43,居住区,2018-01-05 04:00:00,4,-7,73,1,1,1,1
44,交通枢纽,2018-01-05 04:00:00,4,-7,73,1,1,1,1
45,校园,2018-01-05 04:00:00,4,-7,73,1,1,1,1
46,地铁站,2018-01-05 04:00:00,4,-7,73,1,1,1,1
47,商业区,2018-01-05 04:00:00,4,-7,73,1,1,0,0
48,居住区,2018-01-05 04:00:00,4,-7,73,1,1,1,0
49,交通枢纽,2018-01-05 04:00:00,4,-7,73,1,1,1,1
50,校园,2018-01-05 04:00:00,4,-7,73,1,1,2,2
1,地铁站,2018-01-05 05:00:00,5,-6,70,1,1,1,0
2,商业区,2018-01-05 05:00:00,5,-6,70,1,1,1,1
3,居住区,2018-01-05 05:00:00,5,-6,70,1,1,1,1
4,交通枢纽,2018-01-05 05:00:00,5,-6,70,1,1,2,1
5,校园,2018-01-05 05:00:00,5,-6,70,1,1,2,1
6,地铁站,2018-01-05 05:00:00,5,-6,70,1,1,1,1
7,商业区,2018-01-05 05:00:00,5,-6,70,1,1,1,1
8,居住区,2018-01-05 05:00:00,5,-6,70,1,1,1,0
9,交通枢纽,2018-01-05 05:00:00,5,-6,70,1,1,1,0
10,校园,2018-01-05 05:00:00,5,-6,70,1,1,2,2
11,地铁站,2018-01-05 05:00:00,5,-6,70,1,1,1,0
12,商业区,2018-01-05 05:00:00,5,-6,70,1,1,2,2
13,居住区,2018-01-05 05:00:00,5,-6,70,1,1,1,0
14,交通枢纽,2018-01-05 05:00:00,5,-6,70,1,1,2,2
15,校园,2018-01-05 05:00:00,5,-6,70,1,1,2,1
16,地铁站,2018-01-05 05:00:00,5,-6,70,1,1,1,0
17,商业区,2018-01-05 05:00:00,5,-6,70,1,1,1,1
18,居住区,2018-01-05 05:00:00,5,-6,70,1,1,1,0
19,交通枢纽,2018-01-05 05:00:00,5,-6,70,1,1,2,1
20,校园,2018-01-05 05:00:00,5,-6,70,1,1,2,2
21,地铁站,2018-01-05 05:00:00,5,-6,70,1,1,1,1
22,商业区,2018-01-05 05:00:00,5,-6,70,1,1,1,0
23,居住区,2018-01-05 05:00:00,5,-6,70,1,1,1,1
24,交通枢纽,2018-01-05 05:00:00,5,-6,70,1,1,2,1
25,校园,2018-01-05 05:00:00,5,-6,70,1,1,1,1
26,地铁站,2018-01-05 05:00:00,5,-6,70,1,1,1,1
27,商业区,2018-01-05 05:00:00,5,-6,70,1,1,1,1
28,居住区,2018-01-05 05:00:00,5,-6,70,1,1,1,1
29,交通枢纽,2018-01-05 05:00:00,5,-6,70,1,1,1,0
30,校园,2018-01-05 05:00:00,5,-6,70,1,1,1,0
31,地铁站,2018-01-05 05:00:00,5,-6,70,1,1,1,1
32,商业区,2018-01-05 05:00:00,5,-6,70,1,1,1,0
33,居住区,2018-01-05 05:00:00,5,-6,70,1,1,1,0
34,交通枢纽,2018-01-05 05:00:00,5,-6,70,1,1,3,2
35,校园,2018-01-05 05:00:00,5,-6,70,1,1,2,2
36,地铁站,2018-01-05 05:00:00,5,-6,70,1,1,1,0
37,商业区,2018-01-05 05:00:00,5,-6,70,1,1,1,0
38,居住区,2018-01-05 05:00:00,5,-6,70,1,1,2,2
39,交通枢纽,2018-01-05 05:00:00,5,-6,70,1,1,3,1
40,校园,2018-01-05 05:00:00,5,-6,70,1,1,2,1
41,地铁站,2018-01-05 05:00:00,5,-6,70,1,1,1,0
42,商业区,2018-01-05 05:00:00,5,-6,70,1,1,1,1
43,居住区,2018-01-05 05:00:00,5,-6,70,1,1,2,2
44,交通枢纽,2018-01-05 05:00:00,5,-6,70,1,1,3,2
45,校园,2018-01-05 05:00:00,5,-6,70,1,1,1,0
46,地铁站,2018-01-05 05:00:00,5,-6,70,1,1,1,1
47,商业区,2018-01-05 05:00:00,5,-6,70,1,1,1,1
48,居住区,2018-01-05 05:00:00,5,-6,70,1,1,1,1
49,交通枢纽,2018-01-05 05:00:00,5,-6,70,1,1,2,2
50,校园,2018-01-05 05:00:00,5,-6,70,1,1,1,1
1,地铁站,2018-01-05 06:00:00,6,-5,66,1,1,3,2
2,商业区,2018-01-05 06:00:00,6,-5,66,1,1,5,5
3,居住区,2018-01-05 06:00:00,6,-5,66,1,1,8,8
4,交通枢纽,2018-01-05 06:00:00,6,-5,66,1,1,4,4
5,校园,2018-01-05 06:00:00,6,-5,66,1,1,6,7
6,地铁站,2018-01-05 06:00:00,6,-5,66,1,1,3,2
7,商业区,2018-01-05 06:00:00,6,-5,66,1,1,4,4
8,居住区,2018-01-05 06:00:00,6,-5,66,1,1,8,8
9,交通枢纽,2018-01-05 06:00:00,6,-5,66,1,1,6,4
10,校园,2018-01-05 06:00:00,6,-5,66,1,1,6,4
11,地铁站,2018-01-05 06:00:00,6,-5,66,1,1,4,3
12,商业区,2018-01-05 06:00:00,6,-5,66,1,1,5,4
13,居住区,2018-01-05 06:00:00,6,-5,66,1,1,9,9
14,交通枢纽,2018-01-05 06:00:00,6,-5,66,1,1,8,7
15,校园,2018-01-05 06:00:00,6,-5,66,1,1,5,3
16,地铁站,2018-01-05 06:00:00,6,-5,66,1,1,3,2
17,商业区,2018-01-05 06:00:00,6,-5,66,1,1,5,4
18,居住区,2018-01-05 06:00:00,6,-5,66,1,1,11,9
19,交通枢纽,2018-01-05 06:00:00,6,-5,66,1,1,6,7
20,校园,2018-01-05 06:00:00,6,-5,66,1,1,7,6
21,地铁站,2018-01-05 06:00:00,6,-5,66,1,1,3,2
22,商业区,2018-01-05 06:00:00,6,-5,66,1,1,4,3
23,居住区,2018-01-05 06:00:00,6,-5,66,1,1,11,10
24,交通枢纽,2018-01-05 06:00:00,6,-5,66,1,1,5,6
25,校园,2018-01-05 06:00:00,6,-5,66,1,1,7,5
26,地铁站,2018-01-05 06:00:00,6,-5,66,1,1,3,3
27,商业区,2018-01-05 06:00:00,6,-5,66,1,1,6,5
28,居住区,2018-01-05 06:00:00,6,-5,66,1,1,11,13
29,交通枢纽,2018-01-05 06:00:00,6,-5,66,1,1,6,5
30,校园,2018-01-05 06:00:00,6,-5,66,1,1,5,4
31,地铁站,2018-01-05 06:00:00,6,-5,66,1,1,4,4
32,商业区,2018-01-05 06:00:00,6,-5,66,1,1,5,4
33,居住区,2018-01-05 06:00:00,6,-5,66,1,1,5,4
34,交通枢纽,2018-01-05 06:00:00,6,-5,66,1,1,7,7
35,校园,2018-01-05 06:00:00,6,-5,66,1,1,6,6
36,地铁站,2018-01-05 06:00:00,6,-5,66,1,1,5,5
37,商业区,2018-01-05 06:00:00,6,-5,66,1,1,4,3
38,居住区,2018-01-05 06:00:00,6,-5,66,1,1,9,11
39,交通枢纽,2018-01-05 06:00:00,6,-5,66,1,1,6,5
40,校园,2018-01-05 06:00:00,6,-5,66,1,1,6,6
41,地铁站,2018-01-05 06:00:00,6,-5,66,1,1,5,5
42,商业区,2018-01-05 06:00:00,6,-5,66,1,1,4,4
43,居住区,2018-01-05 06:00:00,6,-5,66,1,1,5,5
44,交通枢纽,2018-01-05 06:00:00,6,-5,66,1,1,7,7
45,校园,2018-01-05 06:00:00,6,-5,66,1,1,6,5
46,地铁站,2018-01-05 06:00:00,6,-5,66,1,1,3,3
47,商业区,2018-01-05 06:00:00,6,-5,66,1,1,4,5
48,居住区,2018-01-05 06:00:00,6,-5,66,1,1,10,8
49,交通枢纽,2018-01-05 06:00:00,6,-5,66,1,1,6,5
50,校园,2018-01-05 06:00:00,6,-5,66,1,1,3,3
1,地铁站,2018-01-05 07:00:00,7,-4,60,1,1,40,43
2,商业区,2018-01-05 07:00:00,7,-4,60,1,1,17,13
3,居住区,2018-01-05 07:00:00,7,-4,60,1,1,29,32
4,交通枢纽,2018-01-05 07:00:00,7,-4,60,1,1,18,11
5,校园,2018-01-05 07:00:00,7,-4,60,1,1,22,21
6,地铁站,2018-01-05 07:00:00,7,-4,60,1,1,36,39
7,商业区,2018-01-05 07:00:00,7,-4,60,1,1,18,18
8,居住区,2018-01-05 07:00:00,7,-4,60,1,1,40,30
9,交通枢纽,2018-01-05 07:00:00,7,-4,60,1,1,25,27
10,校园,2018-01-05 07:00:00,7,-4,60,1,1,17,13
11,地铁站,2018-01-05 07:00:00,7,-4,60,1,1,30,27
12,商业区,2018-01-05 07:00:00,7,-4,60,1,1,19,17
13,居住区,2018-01-05 07:00:00,7,-4,60,1,1,27,24
14,交通枢纽,2018-01-05 07:00:00,7,-4,60,1,1,28,28
15,校园,2018-01-05 07:00:00,7,-4,60,1,1,22,21
16,地铁站,2018-01-05 07:00:00,7,-4,60,1,1,44,39
17,商业区,2018-01-05 07:00:00,7,-4,60,1,1,20,20
18,居住区,2018-01-05 07:00:00,7,-4,60,1,1,31,42
19,交通枢纽,2018-01-05 07:00:00,7,-4,60,1,1,18,17
20,校园,2018-01-05 07:00:00,7,-4,60,1,1,17,19
21,地铁站,2018-01-05 07:00:00,7,-4,60,1,1,47,58
22,商业区,2018-01-05 07:00:00,7,-4,60,1,1,20,19
23,居住区,2018-01-05 07:00:00,7,-4,60,1,1,30,22
24,交通枢纽,2018-01-05 07:00:00,7,-4,60,1,1,33,35
25,校园,2018-01-05 07:00:00,7,-4,60,1,1,21,25
26,地铁站,2018-01-05 07:00:00,7,-4,60,1,1,28,29
27,商业区,2018-01-05 07:00:00,7,-4,60,1,1,15,16
28,居住区,2018-01-05 07:00:00,7,-4,60,1,1,32,25
29,交通枢纽,2018-01-05 07:00:00,7,-4,60,1,1,23,26
30,校园,2018-01-05 07:00:00,7,-4,60,1,1,23,25
31,地铁站,2018-01-05 07:00:00,7,-4,60,1,1,27,26
32,商业区,2018-01-05 07:00:00,7,-4,60,1,1,14,15
33,居住区,2018-01-05 07:00:00,7,-4,60,1,1,33,36
34,交通枢纽,2018-01-05 07:00:00,7,-4,60,1,1,28,30
35,校园,2018-01-05 07:00:00,7,-4,60,1,1,24,20
36,地铁站,2018-01-05 07:00:00,7,-4,60,1,1,35,32
37,商业区,2018-01-05 07:00:00,7,-4,60,1,1,15,14
38,居住区,2018-01-05 07:00:00,7,-4,60,1,1,26,18
39,交通枢纽,2018-01-05 07:00:00,7,-4,60,1,1,20,20
40,校园,2018-01-05 07:00:00,7,-4,60,1,1,17,17
41,地铁站,2018-01-05 07:00:00,7,-4,60,1,1,48,55
42,商业区,2018-01-05 07:00:00,7,-4,60,1,1,21,22
43,居住区,2018-01-05 07:00:00,7,-4,60,1,1,40,35
44,交通枢纽,2018-01-05 07:00:00,7,-4,60,1,1,20,11
45,校园,2018-01-05 07:00:00,7,-4,60,1,1,29,35
46,地铁站,2018-01-05 07:00:00,7,-4,60,1,1,31,29
47,商业区,2018-01-05 07:00:00,7,-4,60,1,1,14,14
48,居住区,2018-01-05 07:00:00,7,-4,60,1,1,40,29
49,交通枢纽,2018-01-05 07:00:00,7,-4,60,1,1,25,23
50,校园,2018-01-05 07:00:00,7,-4,60,1,1,24,25
1,地铁站,2018-01-05 08:00:00,8,-3,56,1,1,64,63
2,商业区,2018-01-05 08:00:00,8,-3,56,1,1,30,34
3,居住区,2018-01-05 08:00:00,8,-3,56,1,1,68,70
4,交通枢纽,2018-01-05 08:00:00,8,-3,56,1,1,33,31
5,校园,2018-01-05 08:00:00,8,-3,56,1,1,53,53
6,地铁站,2018-01-05 08:00:00,8,-3,56,1,1,76,96
7,商业区,2018-01-05 08:00:00,8,-3,56,1,1,38,38
8,居住区,2018-01-05 08:00:00,8,-3,56,1,1,56,34
9,交通枢纽,2018-01-05 08:00:00,8,-3,56,1,1,43,40
10,校园,2018-01-05 08:00:00,8,-3,56,1,1,48,46
11,地铁站,2018-01-05 08:00:00,8,-3,56,1,1,63,46
12,商业区,2018-01-05 08:00:00,8,-3,56,1,1,25,26
13,居住区,2018-01-05 08:00:00,8,-3,56,1,1,84,82
14,交通枢纽,2018-01-05 08:00:00,8,-3,56,1,1,47,53
15,校园,2018-01-05 08:00:00,8,-3,56,1,1,37,39
16,地铁站,2018-01-05 08:00:00,8,-3,56,1,1,57,64
17,商业区,2018-01-05 08:00:00,8,-3,56,1,1,32,33
18,居住区,2018-01-05 08:00:00,8,-3,56,1,1,53,58
19,交通枢纽,2018-01-05 08:00:00,8,-3,56,1,1,63,53
20,校园,2018-01-05 08:00:00,8,-3,56,1,1,41,42
21,地铁站,2018-01-05 08:00:00,8,-3,56,1,1,78,71
22,商业区,2018-01-05 08:00:00,8,-3,56,1,1,13,15
23,居住区,2018-01-05 08:00:00,8,-3,56,1,1,72,53
24,交通枢纽,2018-01-05 08:00:00,8,-3,56,1,1,39,48
25,校园,2018-01-05 08:00:00,8,-3,56,1,1,58,66
26,地铁站,2018-01-05 08:00:00,8,-3,56,1,1,65,65
27,商业区,2018-01-05 08:00:00,8,-3,56,1,1,30,35
28,居住区,2018-01-05 08:00:00,8,-3,56,1,1,51,44
29,交通枢纽,2018-01-05 08:00:00,8,-3,56,1,1,54,53
30,校园,2018-01-05 08:00:00,8,-3,56,1,1,57,51
31,地铁站,2018-01-05 08:00:00,8,-3,56,1,1,66,56
32,商业区,2018-01-05 08:00:00,8,-3,56,1,1,31,24
33,居住区,2018-01-05 08:00:00,8,-3,56,1,1,56,43
34,交通枢纽,2018-01-05 08:00:00,8,-3,56,1,1,51,56
35,校园,2018-01-05 08:00:00,8,-3,56,1,1,29,34
36,地铁站,2018-01-05 08:00:00,8,-3,56,1,1,101,101
37,商业区,2018-01-05 08:00:00,8,-3,56,1,1,27,38
38,居住区,2018-01-05 08:00:00,8,-3,56,1,1,46,46
39,交通枢纽,2018-01-05 08:00:00,8,-3,56,1,1,46,55
40,校园,2018-01-05 08:00:00,8,-3,56,1,1,48,44
41,地铁站,2018-01-05 08:00:00,8,-3,56,1,1,54,51
42,商业区,2018-01-05 08:00:00,8,-3,56,1,1,25,25
43,居住区,2018-01-05 08:00:00,8,-3,56,1,1,55,42
44,交通枢纽,2018-01-05 08:00:00,8,-3,56,1,1,56,51
45,校园,2018-01-05 08:00:00,8,-3,56,1,1,33,32
46,地铁站,2018-01-05 08:00:00,8,-3,56,1,1,68,50
47,商业区,2018-01-05 08:00:00,8,-3,56,1,1,33,27
48,居住区,2018-01-05 08:00:00,8,-3,56,1,1,84,90
49,交通枢纽,2018-01-05 08:00:00,8,-3,56,1,1,41,36
50,校园,2018-01-05 08:00:00,8,-3,56,1,1,44,48
1,地铁站,2018-01-05 09:00:00,9,-2,52,1,1,88,85
2,商业区,2018-01-05 09:00:00,9,-2,52,1,1,42,38
3,居住区,2018-01-05 09:00:00,9,-2,52,1,1,44,30
4,交通枢纽,2018-01-05 09:00:00,9,-2,52,1,1,71,74
5,校园,2018-01-05 09:00:00,9,-2,52,1,1,50,64
6,地铁站,2018-01-05 09:00:00,9,-2,52,1,1,90,76
7,商业区,2018-01-05 09:00:00,9,-2,52,1,1,48,50
8,居住区,2018-01-05 09:00:00,9,-2,52,1,1,51,47
9,交通枢纽,2018-01-05 09:00:00,9,-2,52,1,1,64,61
10,校园,2018-01-05 09:00:00,9,-2,52,1,1,66,47
11,地铁站,2018-01-05 09:00:00,9,-2,52,1,1,81,101
12,商业区,2018-01-05 09:00:00,9,-2,52,1,1,35,31
13,居住区,2018-01-05 09:00:00,9,-2,52,1,1,43,35
14,交通枢纽,2018-01-05 09:00:00,9,-2,52,1,1,33,31
15,校园,2018-01-05 09:00:00,9,-2,52,1,1,61,60
16,地铁站,2018-01-05 09:00:00,9,-2,52,1,1,86,86
17,商业区,2018-01-05 09:00:00,9,-2,52,1,1,50,48
18,居住区,2018-01-05 09:00:00,9,-2,52,1,1,42,40
19,交通枢纽,2018-01-05 09:00:00,9,-2,52,1,1,66,79
20,校园,2018-01-05 09:00:00,9,-2,52,1,1,52,52
21,地铁站,2018-01-05 09:00:00,9,-2,52,1,1,95,80
22,商业区,2018-01-05 09:00:00,9,-2,52,1,1,41,31
23,居住区,2018-01-05 09:00:00,9,-2,52,1,1,30,31
24,交通枢纽,2018-01-05 09:00:00,9,-2,52,1,1,55,56
25,校园,2018-01-05 09:00:00,9,-2,52,1,1,59,50
26,地铁站,2018-01-05 09:00:00,9,-2,52,1,1,88,71
27,商业区,2018-01-05 09:00:00,9,-2,52,1,1,53,42
28,居住区,2018-01-05 09:00:00,9,-2,52,1,1,45,37
29,交通枢纽,2018-01-05 09:00:00,9,-2,52,1,1,66,62
30,校园,2018-01-05 09:00:00,9,-2,52,1,1,53,59
31,地铁站,2018-01-05 09:00:00,9,-2,52,1,1,89,95
32,商业区,2018-01-05 09:00:00,9,-2,52,1,1,33,26
33,居住区,2018-01-05 09:00:00,9,-2,52,1,1,48,45
34,交通枢纽,2018-01-05 09:00:00,9,-2,52,1,1,67,66
35,校园,2018-01-05 09:00:00,9,-2,52,1,1,62,46
36,地铁站,2018-01-05 09:00:00,9,-2,52,1,1,123,119
37,商业区,2018-01-05 09:00:00,9,-2,52,1,1,47,41
38,居住区,2018-01-05 09:00:00,9,-2,52,1,1,50,40
39,交通枢纽,2018-01-05 09:00:00,9,-2,52,1,1,64,60
40,校园,2018-01-05 09:00:00,9,-2,52,1,1,59,65
41,地铁站,2018-01-05 09:00:00,9,-2,52,1,1,67,60
42,商业区,2018-01-05 09:00:00,9,-2,52,1,1,45,59
43,居住区,2018-01-05 09:00:00,9,-2,52,1,1,46,50
44,交通枢纽,2018-01-05 09:00:00,9,-2,52,1,1,58,74
45,校园,2018-01-05 09:00:00,9,-2,52,1,1,38,38
46,地铁站,2018-01-05 09:00:00,9,-2,52,1,1,60,37
47,商业区,2018-01-05 09:00:00,9,-2,52,1,1,44,44
48,居住区,2018-01-05 09:00:00,9,-2,52,1,1,44,43
49,交通枢纽,2018-01-05 09:00:00,9,-2,52,1,1,96,92
50,校园,2018-01-05 09:00:00,9,-2,52,1,1,65,58
1,地铁站,2018-01-05 10:00:00,10,-1,48,1,1,43,41
2,商业区,2018-01-05 10:00:00,10,-1,48,1,1,82,104
3,居住区,2018-01-05 10:00:00,10,-1,48,1,1,68,69
4,交通枢纽,2018-01-05 10:00:00,10,-1,48,1,1,37,34
5,校园,2018-01-05 10:00:00,10,-1,48,1,1,106,102
6,地铁站,2018-01-05 10:00:00,10,-1,48,1,1,50,60
7,商业区,2018-01-05 10:00:00,10,-1,48,1,1,93,81
8,居住区,2018-01-05 10:00:00,10,-1,48,1,1,28,30
9,交通枢纽,2018-01-05 10:00:00,10,-1,48,1,1,57,58
10,校园,2018-01-05 10:00:00,10,-1,48,1,1,51,48
11,地铁站,2018-01-05 10:00:00,10,-1,48,1,1,41,42
12,商业区,2018-01-05 10:00:00,10,-1,48,1,1,69,81
13,居住区,2018-01-05 10:00:00,10,-1,48,1,1,48,35
14,交通枢纽,2018-01-05 10:00:00,10,-1,48,1,1,67,67
15,校园,2018-01-05 10:00:00,10,-1,48,1,1,71,85
16,地铁站,2018-01-05 10:00:00,10,-1,48,1,1,39,38
17,商业区,2018-01-05 10:00:00,10,-1,48,1,1,69,77
18,居住区,2018-01-05 10:00:00,10,-1,48,1,1,57,53
19,交通枢纽,2018-01-05 10:00:00,10,-1,48,1,1,42,51
20,校园,2018-01-05 10:00:00,10,-1,48,1,1,52,47
21,地铁站,2018-01-05 10:00:00,10,-1,48,1,1,44,36
22,商业区,2018-01-05 10:00:00,10,-1,48,1,1,62,42
23,居住区,2018-01-05 10:00:00,10,-1,48,1,1,63,57
24,交通枢纽,2018-01-05 10:00:00,10,-1,48,1,1,109,92
25,校园,2018-01-05 10:00:00,10,-1,48,1,1,56,51
26,地铁站,2018-01-05 10:00:00,10,-1,48,1,1,43,39
27,商业区,2018-01-05 10:00:00,10,-1,48,1,1,100,85
28,居住区,2018-01-05 10:00:00,10,-1,48,1,1,39,28
29,交通枢纽,2018-01-05 10:00:00,10,-1,48,1,1,38,35
30,校园,2018-01-05 10:00:00,10,-1,48,1,1,64,57
31,地铁站,2018-01-05 10:00:00,10,-1,48,1,1,51,60
32,商业区,2018-01-05 10:00:00,10,-1,48,1,1,83,60
33,居住区,2018-01-05 10:00:00,10,-1,48,1,1,48,43
34,交通枢纽,2018-01-05 10:00:00,10,-1,48,1,1,59,52
35,校园,2018-01-05 10:00:00,10,-1,48,1,1,59,55
36,地铁站,2018-01-05 10:00:00,10,-1,48,1,1,36,37
37,商业区,2018-01-05 10:00:00,10,-1,48,1,1,96,82
38,居住区,2018-01-05 10:00:00,10,-1,48,1,1,69,58
39,交通枢纽,2018-01-05 10:00:00,10,-1,48,1,1,46,48
40,校园,2018-01-05 10:00:00,10,-1,48,1,1,57,59
41,地铁站,2018-01-05 10:00:00,10,-1,48,1,1,21,25
42,商业区,2018-01-05 10:00:00,10,-1,48,1,1,101,78
43,居住区,2018-01-05 10:00:00,10,-1,48,1,1,38,47
44,交通枢纽,2018-01-05 10:00:00,10,-1,48,1,1,58,50
45,校园,2018-01-05 10:00:00,10,-1,48,1,1,37,35
46,地铁站,2018-01-05 10:00:00,10,-1,48,1,1,39,43
47,商业区,2018-01-05 10:00:00,10,-1,48,1,1,64,49
48,居住区,2018-01-05 10:00:00,10,-1,48,1,1,60,69
49,交通枢纽,2018-01-05 10:00:00,10,-1,48,1,1,47,54
50,校园,2018-01-05 10:00:00,10,-1,48,1,1,69,80
1,地铁站,2018-01-05 11:00:00,11,0,45,1,1,44,27
2,商业区,2018-01-05 11:00:00,11,0,45,1,1,95,110
3,居住区,2018-01-05 11:00:00,11,0,45,1,1,49,46
4,交通枢纽,2018-01-05 11:00:00,11,0,45,1,1,72,40
5,校园,2018-01-05 11:00:00,11,0,45,1,1,100,86
6,地铁站,2018-01-05 11:00:00,11,0,45,1,1,49,48
7,商业区,2018-01-05 11:00:00,11,0,45,1,1,122,129
8,居住区,2018-01-05 11:00:00,11,0,45,1,1,57,49
9,交通枢纽,2018-01-05 11:00:00,11,0,45,1,1,87,62
10,校园,2018-01-05 11:00:00,11,0,45,1,1,85,70
11,地铁站,2018-01-05 11:00:00,11,0,45,1,1,56,57
12,商业区,2018-01-05 11:00:00,11,0,45,1,1,110,111
13,居住区,2018-01-05 11:00:00,11,0,45,1,1,39,33
14,交通枢纽,2018-01-05 11:00:00,11,0,45,1,1,85,87
15,校园,2018-01-05 11:00:00,11,0,45,1,1,93,98
16,地铁站,2018-01-05 11:00:00,11,0,45,1,1,36,31
17,商业区,2018-01-05 11:00:00,11,0,45,1,1,100,65
18,居住区,2018-01-05 11:00:00,11,0,45,1,1,80,85
19,交通枢纽,2018-01-05 11:00:00,11,0,45,1,1,94,71
20,校园,2018-01-05 11:00:00,11,0,45,1,1,94,125
21,地铁站,2018-01-05 11:00:00,11,0,45,1,1,33,36
22,商业区,2018-01-05 11:00:00,11,0,45,1,1,98,75
23,居住区,2018-01-05 11:00:00,11,0,45,1,1,66,74
24,交通枢纽,2018-01-05 11:00:00,11,0,45,1,1,66,77
25,校园,2018-01-05 11:00:00,11,0,45,1,1,50,38
26,地铁站,2018-01-05 11:00:00,11,0,45,1,1,46,46
27,商业区,2018-01-05 11:00:00,11,0,45,1,1,84,94
28,居住区,2018-01-05 11:00:00,11,0,45,1,1,66,74
29,交通枢纽,2018-01-05 11:00:00,11,0,45,1,1,73,79
30,校园,2018-01-05 11:00:00,11,0,45,1,1,68,88
31,地铁站,2018-01-05 11:00:00,11,0,45,1,1,37,48
32,商业区,2018-01-05 11:00:00,11,0,45,1,1,98,77
33,居住区,2018-01-05 11:00:00,11,0,45,1,1,77,78
34,交通枢纽,2018-01-05 11:00:00,11,0,45,1,1,88,104
35,校园,2018-01-05 11:00:00,11,0,45,1,1,80,72
36,地铁站,2018-01-05 11:00:00,11,0,45,1,1,54,54
37,商业区,2018-01-05 11:00:00,11,0,45,1,1,111,75
38,居住区,2018-01-05 11:00:00,11,0,45,1,1,65,58
39,交通枢纽,2018-01-05 11:00:00,11,0,45,1,1,100,109
40,校园,2018-01-05 11:00:00,11,0,45,1,1,79,84
41,地铁站,2018-01-05 11:00:00,11,0,45,1,1,36,44
42,商业区,2018-01-05 11:00:00,11,0,45,1,1,137,145
43,居住区,2018-01-05 11:00:00,11,0,45,1,1,79,72
44,交通枢纽,2018-01-05 11:00:00,11,0,45,1,1,63,63
45,校园,2018-01-05 11:00:00,11,0,45,1,1,82,77
46,地铁站,2018-01-05 11:00:00,11,0,45,1,1,50,52
47,商业区,2018-01-05 11:00:00,11,0,45,1,1,78,84
48,居住区,2018-01-05 11:00:00,11,0,45,1,1,70,71
49,交通枢纽,2018-01-05 11:00:00,11,0,45,1,1,93,76
50,校园,2018-01-05 11:00:00,11,0,45,1,1,82,67
1,地铁站,2018-01-05 12:00:00,12,1,42,1,1,34,30
2,商业区,2018-01-05 12:00:00,12,1,42,1,1,77,70
3,居住区,2018-01-05 12:00:00,12,1,42,1,1,55,61
4,交通枢纽,2018-01-05 12:00:00,12,1,42,1,1,68,51
5,校园,2018-01-05 12:00:00,12,1,42,1,1,89,77
6,地铁站,2018-01-05 12:00:00,12,1,42,1,1,43,45
7,商业区,2018-01-05 12:00:00,12,1,42,1,1,98,114
8,居住区,2018-01-05 12:00:00,12,1,42,1,1,63,54
9,交通枢纽,2018-01-05 12:00:00,12,1,42,1,1,104,107
10,校园,2018-01-05 12:00:00,12,1,42,1,1,70,80
11,地铁站,2018-01-05 12:00:00,12,1,42,1,1,45,47
12,商业区,2018-01-05 12:00:00,12,1,42,1,1,142,136
13,居住区,2018-01-05 12:00:00,12,1,42,1,1,54,54
14,交通枢纽,2018-01-05 12:00:00,12,1,42,1,1,88,68
15,校园,2018-01-05 12:00:00,12,1,42,1,1,44,40
16,地铁站,2018-01-05 12:00:00,12,1,42,1,1,29,27
17,商业区,2018-01-05 12:00:00,12,1,42,1,1,104,90
18,居住区,2018-01-05 12:00:00,12,1,42,1,1,41,41
19,交通枢纽,2018-01-05 12:00:00,12,1,42,1,1,85,63
20,校园,2018-01-05 12:00:00,12,1,42,1,1,84,94
21,地铁站,2018-01-05 12:00:00,12,1,42,1,1,52,61
22,商业区,2018-01-05 12:00:00,12,1,42,1,1,136,128
23,居住区,2018-01-05 12:00:00,12,1,42,1,1,59,55
24,交通枢纽,2018-01-05 12:00:00,12,1,42,1,1,73,89
25,校园,2018-01-05 12:00:00,12,1,42,1,1,53,46
26,地铁站,2018-01-05 12:00:00,12,1,42,1,1,55,63
27,商业区,2018-01-05 12:00:00,12,1,42,1,1,88,99
28,居住区,2018-01-05 12:00:00,12,1,42,1,1,62,75
29,交通枢纽,2018-01-05 12:00:00,12,1,42,1,1,74,85
30,校园,2018-01-05 12:00:00,12,1,42,1,1,111,120
31,地铁站,2018-01-05 12:00:00,12,1,42,1,1,44,48
32,商业区,2018-01-05 12:00:00,12,1,42,1,1,87,118
33,居住区,2018-01-05 12:00:00,12,1,42,1,1,60,57
34,交通枢纽,2018-01-05 12:00:00,12,1,42,1,1,60,69
35,校园,2018-01-05 12:00:00,12,1,42,1,1,85,78
36,地铁站,2018-01-05 12:00:00,12,1,42,1,1,48,37
37,商业区,2018-01-05 12:00:00,12,1,42,1,1,98,104
38,居住区,2018-01-05 12:00:00,12,1,42,1,1,78,68
39,交通枢纽,2018-01-05 12:00:00,12,1,42,1,1,54,46
40,校园,2018-01-05 12:00:00,12,1,42,1,1,53,63
41,地铁站,2018-01-05 12:00:00,12,1,42,1,1,57,59
42,商业区,2018-01-05 12:00:00,12,1,42,1,1,118,120
43,居住区,2018-01-05 12:00:00,12,1,42,1,1,57,54
44,交通枢纽,2018-01-05 12:00:00,12,1,42,1,1,68,52
45,校园,2018-01-05 12:00:00,12,1,42,1,1,76,75
46,地铁站,2018-01-05 12:00:00,12,1,42,1,1,50,50
47,商业区,2018-01-05 12:00:00,12,1,42,1,1,91,79
48,居住区,2018-01-05 12:00:00,12,1,42,1,1,59,65
49,交通枢纽,2018-01-05 12:00:00,12,1,42,1,1,56,56
50,校园,2018-01-05 12:00:00,12,1,42,1,1,76,67
1,地铁站,2018-01-05 13:00:00,13,2,40,1,1,41,42
2,商业区,2018-01-05 13:00:00,13,2,40,1,1,42,44
3,居住区,2018-01-05 13:00:00,13,2,40,1,1,51,59
4,交通枢纽,2018-01-05 13:00:00,13,2,40,1,1,115,100
5,校园,2018-01-05 13:00:00,13,2,40,1,1,87,77
6,地铁站,2018-01-05 13:00:00,13,2,40,1,1,57,46
7,商业区,2018-01-05 13:00:00,13,2,40,1,1,60,52
8,居住区,2018-01-05 13:00:00,13,2,40,1,1,60,50
9,交通枢纽,2018-01-05 13:00:00,13,2,40,1,1,91,79
10,校园,2018-01-05 13:00:00,13,2,40,1,1,87,82
11,地铁站,2018-01-05 13:00:00,13,2,40,1,1,46,47
12,商业区,2018-01-05 13:00:00,13,2,40,1,1,46,47
13,居住区,2018-01-05 13:00:00,13,2,40,1,1,82,72
14,交通枢纽,2018-01-05 13:00:00,13,2,40,1,1,97,118
15,校园,2018-01-05 13:00:00,13,2,40,1,1,66,51
16,地铁站,2018-01-05 13:00:00,13,2,40,1,1,50,45
17,商业区,2018-01-05 13:00:00,13,2,40,1,1,75,75
18,居住区,2018-01-05 13:00:00,13,2,40,1,1,53,43
19,交通枢纽,2018-01-05 13:00:00,13,2,40,1,1,96,87
20,校园,2018-01-05 13:00:00,13,2,40,1,1,79,90
21,地铁站,2018-01-05 13:00:00,13,2,40,1,1,42,41
22,商业区,2018-01-05 13:00:00,13,2,40,1,1,55,60
23,居住区,2018-01-05 13:00:00,13,2,40,1,1,70,67
24,交通枢纽,2018-01-05 13:00:00,13,2,40,1,1,80,75
25,校园,2018-01-05 13:00:00,13,2,40,1,1,55,57
26,地铁站,2018-01-05 13:00:00,13,2,40,1,1,65,56
27,商业区,2018-01-05 13:00:00,13,2,40,1,1,46,39
28,居住区,2018-01-05 13:00:00,13,2,40,1,1,72,76
29,交通枢纽,2018-01-05 13:00:00,13,2,40,1,1,76,65
30,校园,2018-01-05 13:00:00,13,2,40,1,1,80,61
31,地铁站,2018-01-05 13:00:00,13,2,40,1,1,48,54
32,商业区,2018-01-05 13:00:00,13,2,40,1,1,41,31
33,居住区,2018-01-05 13:00:00,13,2,40,1,1,83,75
34,交通枢纽,2018-01-05 13:00:00,13,2,40,1,1,96,93
35,校园,2018-01-05 13:00:00,13,2,40,1,1,76,80
36,地铁站,2018-01-05 13:00:00,13,2,40,1,1,39,39
37,商业区,2018-01-05 13:00:00,13,2,40,1,1,51,40
38,居住区,2018-01-05 13:00:00,13,2,40,1,1,67,64
39,交通枢纽,2018-01-05 13:00:00,13,2,40,1,1,76,62
40,校园,2018-01-05 13:00:00,13,2,40,1,1,104,117
41,地铁站,2018-01-05 13:00:00,13,2,40,1,1,56,53
42,商业区,2018-01-05 13:00:00,13,2,40,1,1,36,46
43,居住区,2018-01-05 13:00:00,13,2,40,1,1,62,55
44,交通枢纽,2018-01-05 13:00:00,13,2,40,1,1,85,99
45,校园,2018-01-05 13:00:00,13,2,40,1,1,78,92
46,地铁站,2018-01-05 13:00:00,13,2,40,1,1,57,47
47,商业区,2018-01-05 13:00:00,13,2,40,1,1,47,53
48,居住区,2018-01-05 13:00:00,13,2,40,1,1,28,27
49,交通枢纽,2018-01-05 13:00:00,13,2,40,1,1,56,51
50,校园,2018-01-05 13:00:00,13,2,40,1,1,74,70
1,地铁站,2018-01-05 14:00:00,14,3,38,1,1,43,35
2,商业区,2018-01-05 14:00:00,14,3,38,1,1,156,199
3,居住区,2018-01-05 14:00:00,14,3,38,1,1,50,61
4,交通枢纽,2018-01-05 14:00:00,14,3,38,1,1,75,76
5,校园,2018-01-05 14:00:00,14,3,38,1,1,81,72
6,地铁站,2018-01-05 14:00:00,14,3,38,1,1,59,60
7,商业区,2018-01-05 14:00:00,14,3,38,1,1,96,77
8,居住区,2018-01-05 14:00:00,14,3,38,1,1,54,40
9,交通枢纽,2018-01-05 14:00:00,14,3,38,1,1,82,67
10,校园,2018-01-05 14:00:00,14,3,38,1,1,78,94
11,地铁站,2018-01-05 14:00:00,14,3,38,1,1,61,60
12,商业区,2018-01-05 14:00:00,14,3,38,1,1,105,134
13,居住区,2018-01-05 14:00:00,14,3,38,1,1,72,68
14,交通枢纽,2018-01-05 14:00:00,14,3,38,1,1,58,61
15,校园,2018-01-05 14:00:00,14,3,38,1,1,96,86
16,地铁站,2018-01-05 14:00:00,14,3,38,1,1,52,49
17,商业区,2018-01-05 14:00:00,14,3,38,1,1,103,64
18,居住区,2018-01-05 14:00:00,14,3,38,1,1,62,71
19,交通枢纽,2018-01-05 14:00:00,14,3,38,1,1,71,71
20,校园,2018-01-05 14:00:00,14,3,38,1,1,69,72
21,地铁站,2018-01-05 14:00:00,14,3,38,1,1,47,40
22,商业区,2018-01-05 14:00:00,14,3,38,1,1,135,153
23,居住区,2018-01-05 14:00:00,14,3,38,1,1,57,61
24,交通枢纽,2018-01-05 14:00:00,14,3,38,1,1,91,99
25,校园,2018-01-05 14:00:00,14,3,38,1,1,54,62
26,地铁站,2018-01-05 14:00:00,14,3,38,1,1,43,40
27,商业区,2018-01-05 14:00:00,14,3,38,1,1,163,170
28,居住区,2018-01-05 14:00:00,14,3,38,1,1,60,40
29,交通枢纽,2018-01-05 14:00:00,14,3,38,1,1,105,83
30,校园,2018-01-05 14:00:00,14,3,38,1,1,65,61
31,地铁站,2018-01-05 14:00:00,14,3,38,1,1,63,70
32,商业区,2018-01-05 14:00:00,14,3,38,1,1,103,107
33,居住区,2018-01-05 14:00:00,14,3,38,1,1,58,59
34,交通枢纽,2018-01-05 14:00:00,14,3,38,1,1,83,95
35,校园,2018-01-05 14:00:00,14,3,38,1,1,98,105
36,地铁站,2018-01-05 14:00:00,14,3,38,1,1,45,50
37,商业区,2018-01-05 14:00:00,14,3,38,1,1,105,87
38,居住区,2018-01-05 14:00:00,14,3,38,1,1,60,60
39,交通枢纽,2018-01-05 14:00:00,14,3,38,1,1,97,94
40,校园,2018-01-05 14:00:00,14,3,38,1,1,62,62
41,地铁站,2018-01-05 14:00:00,14,3,38,1,1,50,51
42,商业区,2018-01-05 14:00:00,14,3,38,1,1,126,145
43,居住区,2018-01-05 14:00:00,14,3,38,1,1,58,52
44,交通枢纽,2018-01-05 14:00:00,14,3,38,1,1,65,71
45,校园,2018-01-05 14:00:00,14,3,38,1,1,106,100
46,地铁站,2018-01-05 14:00:00,14,3,38,1,1,47,57
47,商业区,2018-01-05 14:00:00,14,3,38,1,1,117,124
48,居住区,2018-01-05 14:00:00,14,3,38,1,1,50,55
49,交通枢纽,2018-01-05 14:00:00,14,3,38,1,1,67,55
50,校园,2018-01-05 14:00:00,14,3,38,1,1,76,69
1,地铁站,2018-01-05 15:00:00,15,2,41,1,1,43,33
2,商业区,2018-01-05 15:00:00,15,2,41,1,1,118,137
3,居住区,2018-01-05 15:00:00,15,2,41,1,1,37,42
4,交通枢纽,2018-01-05 15:00:00,15,2,41,1,1,64,72
5,校园,2018-01-05 15:00:00,15,2,41,1,1,75,75
6,地铁站,2018-01-05 15:00:00,15,2,41,1,1,44,52
7,商业区,2018-01-05 15:00:00,15,2,41,1,1,74,80
8,居住区,2018-01-05 15:00:00,15,2,41,1,1,74,81
9,交通枢纽,2018-01-05 15:00:00,15,2,41,1,1,111,102
10,校园,2018-01-05 15:00:00,15,2,41,1,1,91,89
11,地铁站,2018-01-05 15:00:00,15,2,41,1,1,57,56
12,商业区,2018-01-05 15:00:00,15,2,41,1,1,91,108
13,居住区,2018-01-05 15:00:00,15,2,41,1,1,55,43
14,交通枢纽,2018-01-05 15:00:00,15,2,41,1,1,68,74
15,校园,2018-01-05 15:00:00,15,2,41,1,1,97,98
16,地铁站,2018-01-05 15:00:00,15,2,41,1,1,57,45
17,商业区,2018-01-05 15:00:00,15,2,41,1,1,90,86
18,居住区,2018-01-05 15:00:00,15,2,41,1,1,59,59
19,交通枢纽,2018-01-05 15:00:00,15,2,41,1,1,86,80
20,校园,2018-01-05 15:00:00,15,2,41,1,1,78,77
21,地铁站,2018-01-05 15:00:00,15,2,41,1,1,37,36
22,商业区,2018-01-05 15:00:00,15,2,41,1,1,96,93
23,居住区,2018-01-05 15:00:00,15,2,41,1,1,61,61
24,交通枢纽,2018-01-05 15:00:00,15,2,41,1,1,69,82
25,校园,2018-01-05 15:00:00,15,2,41,1,1,58,51
26,地铁站,2018-01-05 15:00:00,15,2,41,1,1,71,59
27,商业区,2018-01-05 15:00:00,15,2,41,1,1,72,79
28,居住区,2018-01-05 15:00:00,15,2,41,1,1,35,33
29,交通枢纽,2018-01-05 15:00:00,15,2,41,1,1,109,83
30,校园,2018-01-05 15:00:00,15,2,41,1,1,46,35
31,地铁站,2018-01-05 15:00:00,15,2,41,1,1,54,63
32,商业区,2018-01-05 15:00:00,15,2,41,1,1,89,98
33,居住区,2018-01-05 15:00:00,15,2,41,1,1,78,98
34,交通枢纽,2018-01-05 15:00:00,15,2,41,1,1,72,47
35,校园,2018-01-05 15:00:00,15,2,41,1,1,63,58
36,地铁站,2018-01-05 15:00:00,15,2,41,1,1,43,41
37,商业区,2018-01-05 15:00:00,15,2,41,1,1,121,144
38,居住区,2018-01-05 15:00:00,15,2,41,1,1,59,68
39,交通枢纽,2018-01-05 15:00:00,15,2,41,1,1,81,81
40,校园,2018-01-05 15:00:00,15,2,41,1,1,90,90
41,地铁站,2018-01-05 15:00:00,15,2,41,1,1,64,50
42,商业区,2018-01-05 15:00:00,15,2,41,1,1,89,87
43,居住区,2018-01-05 15:00:00,15,2,41,1,1,66,78
44,交通枢纽,2018-01-05 15:00:00,15,2,41,1,1,76,59
45,校园,2018-01-05 15:00:00,15,2,41,1,1,89,99
46,地铁站,2018-01-05 15:00:00,15,2,41,1,1,28,27
47,商业区,2018-01-05 15:00:00,15,2,41,1,1,67,60
48,居住区,2018-01-05 15:00:00,15,2,41,1,1,50,56
49,交通枢纽,2018-01-05 15:00:00,15,2,41,1,1,78,62
50,校园,2018-01-05 15:00:00,15,2,41,1,1,89,69
1,地铁站,2018-01-05 16:00:00,16,1,45,1,1,42,36
2,商业区,2018-01-05 16:00:00,16,1,45,1,1,80,86
3,居住区,2018-01-05 16:00:00,16,1,45,1,1,58,69
4,交通枢纽,2018-01-05 16:00:00,16,1,45,1,1,65,67
5,校园,2018-01-05 16:00:00,16,1,45,1,1,60,61
6,地铁站,2018-01-05 16:00:00,16,1,45,1,1,43,42
7,商业区,2018-01-05 16:00:00,16,1,45,1,1,55,57
8,居住区,2018-01-05 16:00:00,16,1,45,1,1,56,50
9,交通枢纽,2018-01-05 16:00:00,16,1,45,1,1,49,59
10,校园,2018-01-05 16:00:00,16,1,45,1,1,72,69
11,地铁站,2018-01-05 16:00:00,16,1,45,1,1,30,26
12,商业区,2018-01-05 16:00:00,16,1,45,1,1,108,110
13,居住区,2018-01-05 16:00:00,16,1,45,1,1,47,50
14,交通枢纽,2018-01-05 16:00:00,16,1,45,1,1,55,67
15,校园,2018-01-05 16:00:00,16,1,45,1,1,84,78
16,地铁站,2018-01-05 16:00:00,16,1,45,1,1,34,20
17,商业区,2018-01-05 16:00:00,16,1,45,1,1,60,47
18,居住区,2018-01-05 16:00:00,16,1,45,1,1,54,51
19,交通枢纽,2018-01-05 16:00:00,16,1,45,1,1,48,45
20,校园,2018-01-05 16:00:00,16,1,45,1,1,73,78
21,地铁站,2018-01-05 16:00:00,16,1,45,1,1,24,23
22,商业区,2018-01-05 16:00:00,16,1,45,1,1,62,70
23,居住区,2018-01-05 16:00:00,16,1,45,1,1,61,52
24,交通枢纽,2018-01-05 16:00:00,16,1,45,1,1,56,52
25,校园,2018-01-05 16:00:00,16,1,45,1,1,36,37
26,地铁站,2018-01-05 16:00:00,16,1,45,1,1,37,42
27,商业区,2018-01-05 16:00:00,16,1,45,1,1,67,60
28,居住区,2018-01-05 16:00:00,16,1,45,1,1,37,31
29,交通枢纽,2018-01-05 16:00:00,16,1,45,1,1,50,57
30,校园,2018-01-05 16:00:00,16,1,45,1,1,57,58
31,地铁站,2018-01-05 16:00:00,16,1,45,1,1,36,29
32,商业区,2018-01-05 16:00:00,16,1,45,1,1,83,90
33,居住区,2018-01-05 16:00:00,16,1,45,1,1,40,44
34,交通枢纽,2018-01-05 16:00:00,16,1,45,1,1,55,51
35,校园,2018-01-05 16:00:00,16,1,45,1,1,73,65
36,地铁站,2018-01-05 16:00:00,16,1,45,1,1,40,38
37,商业区,2018-01-05 16:00:00,16,1,45,1,1,88,56
38,居住区,2018-01-05 16:00:00,16,1,45,1,1,33,36
39,交通枢纽,2018-01-05 16:00:00,16,1,45,1,1,80,69
40,校园,2018-01-05 16:00:00,16,1,45,1,1,63,65
41,地铁站,2018-01-05 16:00:00,16,1,45,1,1,45,31
42,商业区,2018-01-05 16:00:00,16,1,45,1,1,71,67
43,居住区,2018-01-05 16:00:00,16,1,45,1,1,60,82
44,交通枢纽,2018-01-05 16:00:00,16,1,45,1,1,63,49
45,校园,2018-01-05 16:00:00,16,1,45,1,1,71,85
46,地铁站,2018-01-05 16:00:00,16,1,45,1,1,40,34
47,商业区,2018-01-05 16:00:00,16,1,45,1,1,102,112
48,居住区,2018-01-05 16:00:00,16,1,45,1,1,42,44
49,交通枢纽,2018-01-05 16:00:00,16,1,45,1,1,79,93
50,校园,2018-01-05 16:00:00,16,1,45,1,1,65,61
1,地铁站,2018-01-05 17:00:00,17,0,49,1,1,96,78
2,商业区,2018-01-05 17:00:00,17,0,49,1,1,39,30
3,居住区,2018-01-05 17:00:00,17,0,49,1,1,50,48
4,交通枢纽,2018-01-05 17:00:00,17,0,49,1,1,64,68
5,校园,2018-01-05 17:00:00,17,0,49,1,1,38,46
6,地铁站,2018-01-05 17:00:00,17,0,49,1,1,101,114
7,商业区,2018-01-05 17:00:00,17,0,49,1,1,30,28
8,居住区,2018-01-05 17:00:00,17,0,49,1,1,42,37
9,交通枢纽,2018-01-05 17:00:00,17,0,49,1,1,69,70
10,校园,2018-01-05 17:00:00,17,0,49,1,1,23,24
11,地铁站,2018-01-05 17:00:00,17,0,49,1,1,72,71
12,商业区,2018-01-05 17:00:00,17,0,49,1,1,33,36
13,居住区,2018-01-05 17:00:00,17,0,49,1,1,50,52
14,交通枢纽,2018-01-05 17:00:00,17,0,49,1,1,48,47
15,校园,2018-01-05 17:00:00,17,0,49,1,1,51,44
16,地铁站,2018-01-05 17:00:00,17,0,49,1,1,86,91
17,商业区,2018-01-05 17:00:00,17,0,49,1,1,47,55
18,居住区,2018-01-05 17:00:00,17,0,49,1,1,35,39
19,交通枢纽,2018-01-05 17:00:00,17,0,49,1,1,41,45
20,校园,2018-01-05 17:00:00,17,0,49,1,1,46,38
21,地铁站,2018-01-05 17:00:00,17,0,49,1,1,81,48
22,商业区,2018-01-05 17:00:00,17,0,49,1,1,23,22
23,居住区,2018-01-05 17:00:00,17,0,49,1,1,41,38
24,交通枢纽,2018-01-05 17:00:00,17,0,49,1,1,35,30
25,校园,2018-01-05 17:00:00,17,0,49,1,1,55,59
26,地铁站,2018-01-05 17:00:00,17,0,49,1,1,77,90
27,商业区,2018-01-05 17:00:00,17,0,49,1,1,38,33
28,居住区,2018-01-05 17:00:00,17,0,49,1,1,38,30
29,交通枢纽,2018-01-05 17:00:00,17,0,49,1,1,50,58
30,校园,2018-01-05 17:00:00,17,0,49,1,1,58,70
31,地铁站,2018-01-05 17:00:00,17,0,49,1,1,72,86
32,商业区,2018-01-05 17:00:00,17,0,49,1,1,34,41
33,居住区,2018-01-05 17:00:00,17,0,49,1,1,41,45
34,交通枢纽,2018-01-05 17:00:00,17,0,49,1,1,66,64
35,校园,2018-01-05 17:00:00,17,0,49,1,1,53,63
36,地铁站,2018-01-05 17:00:00,17,0,49,1,1,75,60
37,商业区,2018-01-05 17:00:00,17,0,49,1,1,51,47
38,居住区,2018-01-05 17:00:00,17,0,49,1,1,42,49
39,交通枢纽,2018-01-05 17:00:00,17,0,49,1,1,45,38
40,校园,2018-01-05 17:00:00,17,0,49,1,1,54,39
41,地铁站,2018-01-05 17:00:00,17,0,49,1,1,72,74
42,商业区,2018-01-05 17:00:00,17,0,49,1,1,34,26
43,居住区,2018-01-05 17:00:00,17,0,49,1,1,54,54
44,交通枢纽,2018-01-05 17:00:00,17,0,49,1,1,66,63
45,校园,2018-01-05 17:00:00,17,0,49,1,1,42,43
46,地铁站,2018-01-05 17:00:00,17,0,49,1,1,74,60
47,商业区,2018-01-05 17:00:00,17,0,49,1,1,46,41
48,居住区,2018-01-05 17:00:00,17,0,49,1,1,26,31
49,交通枢纽,2018-01-05 17:00:00,17,0,49,1,1,46,41
50,校园,2018-01-05 17:00:00,17,0,49,1,1,33,41
1,地铁站,2018-01-05 18:00:00,18,-1,54,1,1,46,46
2,商业区,2018-01-05 18:00:00,18,-1,54,1,1,34,36
3,居住区,2018-01-05 18:00:00,18,-1,54,1,1,32,23
4,交通枢纽,2018-01-05 18:00:00,18,-1,54,1,1,34,34
5,校园,2018-01-05 18:00:00,18,-1,54,1,1,35,36
6,地铁站,2018-01-05 18:00:00,18,-1,54,1,1,70,80
7,商业区,2018-01-05 18:00:00,18,-1,54,1,1,21,27
8,居住区,2018-01-05 18:00:00,18,-1,54,1,1,38,37
9,交通枢纽,2018-01-05 18:00:00,18,-1,54,1,1,50,67
10,校园,2018-01-05 18:00:00,18,-1,54,1,1,29,28
11,地铁站,2018-01-05 18:00:00,18,-1,54,1,1,32,32
12,商业区,2018-01-05 18:00:00,18,-1,54,1,1,31,30
13,居住区,2018-01-05 18:00:00,18,-1,54,1,1,28,19
14,交通枢纽,2018-01-05 18:00:00,18,-1,54,1,1,44,53
15,校园,2018-01-05 18:00:00,18,-1,54,1,1,36,38
16,地铁站,2018-01-05 18:00:00,18,-1,54,1,1,42,44
17,商业区,2018-01-05 18:00:00,18,-1,54,1,1,26,23
18,居住区,2018-01-05 18:00:00,18,-1,54,1,1,28,26
19,交通枢纽,2018-01-05 18:00:00,18,-1,54,1,1,44,35
20,校园,2018-01-05 18:00:00,18,-1,54,1,1,38,37
21,地铁站,2018-01-05 18:00:00,18,-1,54,1,1,48,60
22,商业区,2018-01-05 18:00:00,18,-1,54,1,1,24,21
23,居住区,2018-01-05 18:00:00,18,-1,54,1,1,26,33
24,交通枢纽,2018-01-05 18:00:00,18,-1,54,1,1,46,39
25,校园,2018-01-05 18:00:00,18,-1,54,1,1,50,51
26,地铁站,2018-01-05 18:00:00,18,-1,54,1,1,65,61
27,商业区,2018-01-05 18:00:00,18,-1,54,1,1,24,25
28,居住区,2018-01-05 18:00:00,18,-1,54,1,1,29,36
29,交通枢纽,2018-01-05 18:00:00,18,-1,54,1,1,31,38
30,校园,2018-01-05 18:00:00,18,-1,54,1,1,40,41
31,地铁站,2018-01-05 18:00:00,18,-1,54,1,1,72,65
32,商业区,2018-01-05 18:00:00,18,-1,54,1,1,34,20
33,居住区,2018-01-05 18:00:00,18,-1,54,1,1,28,24
34,交通枢纽,2018-01-05 18:00:00,18,-1,54,1,1,31,30
35,校园,2018-01-05 18:00:00,18,-1,54,1,1,44,48
36,地铁站,2018-01-05 18:00:00,18,-1,54,1,1,65,58
37,商业区,2018-01-05 18:00:00,18,-1,54,1,1,31,31
38,居住区,2018-01-05 18:00:00,18,-1,54,1,1,39,43
39,交通枢纽,2018-01-05 18:00:00,18,-1,54,1,1,41,35
40,校园,2018-01-05 18:00:00,18,-1,54,1,1,36,33
41,地铁站,2018-01-05 18:00:00,18,-1,54,1,1,58,60
42,商业区,2018-01-05 18:00:00,18,-1,54,1,1,33,32
43,居住区,2018-01-05 18:00:00,18,-1,54,1,1,33,33
44,交通枢纽,2018-01-05 18:00:00,18,-1,54,1,1,37,31
45,校园,2018-01-05 18:00:00,18,-1,54,1,1,26,23
46,地铁站,2018-01-05 18:00:00,18,-1,54,1,1,68,60
47,商业区,2018-01-05 18:00:00,18,-1,54,1,1,27,28
48,居住区,2018-01-05 18:00:00,18,-1,54,1,1,36,30
49,交通枢纽,2018-01-05 18:00:00,18,-1,54,1,1,49,57
50,校园,2018-01-05 18:00:00,18,-1,54,1,1,32,28
1,地铁站,2018-01-05 19:00:00,19,-2,58,1,1,65,63
2,商业区,2018-01-05 19:00:00,19,-2,58,1,1,13,10
3,居住区,2018-01-05 19:00:00,19,-2,58,1,1,26,21
4,交通枢纽,2018-01-05 19:00:00,19,-2,58,1,1,32,32
5,校园,2018-01-05 19:00:00,19,-2,58,1,1,45,43
6,地铁站,2018-01-05 19:00:00,19,-2,58,1,1,63,76
7,商业区,2018-01-05 19:00:00,19,-2,58,1,1,31,32
8,居住区,2018-01-05 19:00:00,19,-2,58,1,1,17,18
9,交通枢纽,2018-01-05 19:00:00,19,-2,58,1,1,42,41
10,校园,2018-01-05 19:00:00,19,-2,58,1,1,47,53
11,地铁站,2018-01-05 19:00:00,19,-2,58,1,1,58,67
12,商业区,2018-01-05 19:00:00,19,-2,58,1,1,26,16
13,居住区,2018-01-05 19:00:00,19,-2,58,1,1,25,29
14,交通枢纽,2018-01-05 19:00:00,19,-2,58,1,1,29,28
15,校园,2018-01-05 19:00:00,19,-2,58,1,1,27,34
16,地铁站,2018-01-05 19:00:00,19,-2,58,1,1,70,60
17,商业区,2018-01-05 19:00:00,19,-2,58,1,1,25,22
18,居住区,2018-01-05 19:00:00,19,-2,58,1,1,31,33
19,交通枢纽,2018-01-05 19:00:00,19,-2,58,1,1,40,41
20,校园,2018-01-05 19:00:00,19,-2,58,1,1,55,46
21,地铁站,2018-01-05 19:00:00,19,-2,58,1,1,34,31
22,商业区,2018-01-05 19:00:00,19,-2,58,1,1,16,12
23,居住区,2018-01-05 19:00:00,19,-2,58,1,1,22,18
24,交通枢纽,2018-01-05 19:00:00,19,-2,58,1,1,28,30
25,校园,2018-01-05 19:00:00,19,-2,58,1,1,31,30
26,地铁站,2018-01-05 19:00:00,19,-2,58,1,1,61,53
27,商业区,2018-01-05 19:00:00,19,-2,58,1,1,23,24
28,居住区,2018-01-05 19:00:00,19,-2,58,1,1,17,10
29,交通枢纽,2018-01-05 19:00:00,19,-2,58,1,1,37,39
30,校园,2018-01-05 19:00:00,19,-2,58,1,1,49,50
31,地铁站,2018-01-05 19:00:00,19,-2,58,1,1,61,59
32,商业区,2018-01-05 19:00:00,19,-2,58,1,1,25,31
33,居住区,2018-01-05 19:00:00,19,-2,58,1,1,16,16
34,交通枢纽,2018-01-05 19:00:00,19,-2,58,1,1,49,51
35,校园,2018-01-05 19:00:00,19,-2,58,1,1,46,41
36,地铁站,2018-01-05 19:00:00,19,-2,58,1,1,52,52
37,商业区,2018-01-05 19:00:00,19,-2,58,1,1,13,10
38,居住区,2018-01-05 19:00:00,19,-2,58,1,1,21,23
39,交通枢纽,2018-01-05 19:00:00,19,-2,58,1,1,41,42
40,校园,2018-01-05 19:00:00,19,-2,58,1,1,40,39
41,地铁站,2018-01-05 19:00:00,19,-2,58,1,1,65,65
42,商业区,2018-01-05 19:00:00,19,-2,58,1,1,24,23
43,居住区,2018-01-05 19:00:00,19,-2,58,1,1,31,29
44,交通枢纽,2018-01-05 19:00:00,19,-2,58,1,1,41,34
45,校园,2018-01-05 19:00:00,19,-2,58,1,1,27,29
46,地铁站,2018-01-05 19:00:00,19,-2,58,1,1,51,47
47,商业区,2018-01-05 19:00:00,19,-2,58,1,1,28,25
48,居住区,2018-01-05 19:00:00,19,-2,58,1,1,26,31
49,交通枢纽,2018-01-05 19:00:00,19,-2,58,1,1,45,55
50,校园,2018-01-05 19:00:00,19,-2,58,1,1,33,39
1,地铁站,2018-01-05 20:00:00,20,-3,62,1,1,12,10
2,商业区,2018-01-05 20:00:00,20,-3,62,1,1,9,11
3,居住区,2018-01-05 20:00:00,20,-3,62,1,1,30,29
4,交通枢纽,2018-01-05 20:00:00,20,-3,62,1,1,21,23
5,校园,2018-01-05 20:00:00,20,-3,62,1,1,24,19
6,地铁站,2018-01-05 20:00:00,20,-3,62,1,1,17,13
7,商业区,2018-01-05 20:00:00,20,-3,62,1,1,15,10
8,居住区,2018-01-05 20:00:00,20,-3,62,1,1,26,26
9,交通枢纽,2018-01-05 20:00:00,20,-3,62,1,1,16,12
10,校园,2018-01-05 20:00:00,20,-3,62,1,1,26,23
11,地铁站,2018-01-05 20:00:00,20,-3,62,1,1,22,28
12,商业区,2018-01-05 20:00:00,20,-3,62,1,1,15,16
13,居住区,2018-01-05 20:00:00,20,-3,62,1,1,42,38
14,交通枢纽,2018-01-05 20:00:00,20,-3,62,1,1,18,17
15,校园,2018-01-05 20:00:00,20,-3,62,1,1,25,23
16,地铁站,2018-01-05 20:00:00,20,-3,62,1,1,17,15
17,商业区,2018-01-05 20:00:00,20,-3,62,1,1,14,14
18,居住区,2018-01-05 20:00:00,20,-3,62,1,1,39,32
19,交通枢纽,2018-01-05 20:00:00,20,-3,62,1,1,31,22
20,校园,2018-01-05 20:00:00,20,-3,62,1,1,23,22
21,地铁站,2018-01-05 20:00:00,20,-3,62,1,1,13,11
22,商业区,2018-01-05 20:00:00,20,-3,62,1,1,25,21
23,居住区,2018-01-05 20:00:00,20,-3,62,1,1,55,58
24,交通枢纽,2018-01-05 20:00:00,20,-3,62,1,1,26,27
25,校园,2018-01-05 20:00:00,20,-3,62,1,1,39,33
26,地铁站,2018-01-05 20:00:00,20,-3,62,1,1,12,10
27,商业区,2018-01-05 20:00:00,20,-3,62,1,1,18,13
28,居住区,2018-01-05 20:00:00,20,-3,62,1,1,37,46
29,交通枢纽,2018-01-05 20:00:00,20,-3,62,1,1,27,25
30,校园,2018-01-05 20:00:00,20,-3,62,1,1,23,26
31,地铁站,2018-01-05 20:00:00,20,-3,62,1,1,13,16
32,商业区,2018-01-05 20:00:00,20,-3,62,1,1,25,25
33,居住区,2018-01-05 20:00:00,20,-3,62,1,1,36,41
34,交通枢纽,2018-01-05 20:00:00,20,-3,62,1,1,32,28
35,校园,2018-01-05 20:00:00,20,-3,62,1,1,23,18
36,地铁站,2018-01-05 20:00:00,20,-3,62,1,1,17,18
37,商业区,2018-01-05 20:00:00,20,-3,62,1,1,13,12
38,居住区,2018-01-05 20:00:00,20,-3,62,1,1,27,23
39,交通枢纽,2018-01-05 20:00:00,20,-3,62,1,1,29,25
40,校园,2018-01-05 20:00:00,20,-3,62,1,1,24,18
41,地铁站,2018-01-05 20:00:00,20,-3,62,1,1,16,15
42,商业区,2018-01-05 20:00:00,20,-3,62,1,1,15,14
43,居住区,2018-01-05 20:00:00,20,-3,62,1,1,38,33
44,交通枢纽,2018-01-05 20:00:00,20,-3,62,1,1,18,22
45,校园,2018-01-05 20:00:00,20,-3,62,1,1,23,22
46,地铁站,2018-01-05 20:00:00,20,-3,62,1,1,19,29
47,商业区,2018-01-05 20:00:00,20,-3,62,1,1,13,13
48,居住区,2018-01-05 20:00:00,20,-3,62,1,1,31,28
49,交通枢纽,2018-01-05 20:00:00,20,-3,62,1,1,22,18
50,校园,2018-01-05 20:00:00,20,-3,62,1,1,26,20
1,地铁站,2018-01-05 21:00:00,21,-4,64,1,1,13,13
2,商业区,2018-01-05 21:00:00,21,-4,64,1,1,14,13
3,居住区,2018-01-05 21:00:00,21,-4,64,1,1,25,26
4,交通枢纽,2018-01-05 21:00:00,21,-4,64,1,1,15,14
5,校园,2018-01-05 21:00:00,21,-4,64,1,1,16,13
6,地铁站,2018-01-05 21:00:00,21,-4,64,1,1,6,7
7,商业区,2018-01-05 21:00:00,21,-4,64,1,1,11,12
8,居住区,2018-01-05 21:00:00,21,-4,64,1,1,33,26
9,交通枢纽,2018-01-05 21:00:00,21,-4,64,1,1,15,20
10,校园,2018-01-05 21:00:00,21,-4,64,1,1,26,25
11,地铁站,2018-01-05 21:00:00,21,-4,64,1,1,12,10
12,商业区,2018-01-05 21:00:00,21,-4,64,1,1,14,12
13,居住区,2018-01-05 21:00:00,21,-4,64,1,1,16,12
14,交通枢纽,2018-01-05 21:00:00,21,-4,64,1,1,19,15
15,校园,2018-01-05 21:00:00,21,-4,64,1,1,19,15
16,地铁站,2018-01-05 21:00:00,21,-4,64,1,1,9,10
17,商业区,2018-01-05 21:00:00,21,-4,64,1,1,14,13
18,居住区,2018-01-05 21:00:00,21,-4,64,1,1,32,34
19,交通枢纽,2018-01-05 21:00:00,21,-4,64,1,1,25,23
20,校园,2018-01-05 21:00:00,21,-4,64,1,1,17,13
21,地铁站,2018-01-05 21:00:00,21,-4,64,1,1,10,11
22,商业区,2018-01-05 21:00:00,21,-4,64,1,1,17,19
23,居住区,2018-01-05 21:00:00,21,-4,64,1,1,17,19
24,交通枢纽,2018-01-05 21:00:00,21,-4,64,1,1,12,13
25,校园,2018-01-05 21:00:00,21,-4,64,1,1,18,19
26,地铁站,2018-01-05 21:00:00,21,-4,64,1,1,8,9
27,商业区,2018-01-05 21:00:00,21,-4,64,1,1,9,8
28,居住区,2018-01-05 21:00:00,21,-4,64,1,1,21,15
29,交通枢纽,2018-01-05 21:00:00,21,-4,64,1,1,19,24
30,校园,2018-01-05 21:00:00,21,-4,64,1,1,30,30
31,地铁站,2018-01-05 21:00:00,21,-4,64,1,1,14,14
32,商业区,2018-01-05 21:00:00,21,-4,64,1,1,15,14
33,居住区,2018-01-05 21:00:00,21,-4,64,1,1,28,30
34,交通枢纽,2018-01-05 21:00:00,21,-4,64,1,1,17,16
35,校园,2018-01-05 21:00:00,21,-4,64,1,1,19,21
36,地铁站,2018-01-05 21:00:00,21,-4,64,1,1,9,8
37,商业区,2018-01-05 21:00:00,21,-4,64,1,1,18,21
38,居住区,2018-01-05 21:00:00,21,-4,64,1,1,34,34
39,交通枢纽,2018-01-05 21:00:00,21,-4,64,1,1,20,23
40,校园,2018-01-05 21:00:00,21,-4,64,1,1,25,17
41,地铁站,2018-01-05 21:00:00,21,-4,64,1,1,8,9
42,商业区,2018-01-05 21:00:00,21,-4,64,1,1,12,10
43,居住区,2018-01-05 21:00:00,21,-4,64,1,1,20,18
44,交通枢纽,2018-01-05 21:00:00,21,-4,64,1,1,14,18
45,校园,2018-01-05 21:00:00,21,-4,64,1,1,19,18
46,地铁站,2018-01-05 21:00:00,21,-4,64,1,1,13,14
47,商业区,2018-01-05 21:00:00,21,-4,64,1,1,16,18
48,居住区,2018-01-05 21:00:00,21,-4,64,1,1,23,21
49,交通枢纽,2018-01-05 21:00:00,21,-4,64,1,1,22,20
50,校园,2018-01-05 21:00:00,21,-4,64,1,1,19,20
1,地铁站,2018-01-05 22:00:00,22,-4,65,1,1,9,6
2,商业区,2018-01-05 22:00:00,22,-4,65,1,1,10,9
3,居住区,2018-01-05 22:00:00,22,-4,65,1,1,20,22
4,交通枢纽,2018-01-05 22:00:00,22,-4,65,1,1,17,20
5,校园,2018-01-05 22:00:00,22,-4,65,1,1,16,19
6,地铁站,2018-01-05 22:00:00,22,-4,65,1,1,8,8
7,商业区,2018-01-05 22:00:00,22,-4,65,1,1,10,11
8,居住区,2018-01-05 22:00:00,22,-4,65,1,1,17,18
9,交通枢纽,2018-01-05 22:00:00,22,-4,65,1,1,12,10
10,校园,2018-01-05 22:00:00,22,-4,65,1,1,16,16
11,地铁站,2018-01-05 22:00:00,22,-4,65,1,1,10,7
12,商业区,2018-01-05 22:00:00,22,-4,65,1,1,8,8
13,居住区,2018-01-05 22:00:00,22,-4,65,1,1,22,23
14,交通枢纽,2018-01-05 22:00:00,22,-4,65,1,1,13,10
15,校园,2018-01-05 22:00:00,22,-4,65,1,1,9,9
16,地铁站,2018-01-05 22:00:00,22,-4,65,1,1,5,4
17,商业区,2018-01-05 22:00:00,22,-4,65,1,1,10,8
18,居住区,2018-01-05 22:00:00,22,-4,65,1,1,24,28
19,交通枢纽,2018-01-05 22:00:00,22,-4,65,1,1,8,6
20,校园,2018-01-05 22:00:00,22,-4,65,1,1,7,6
21,地铁站,2018-01-05 22:00:00,22,-4,65,1,1,8,7
22,商业区,2018-01-05 22:00:00,22,-4,65,1,1,9,6
23,居住区,2018-01-05 22:00:00,22,-4,65,1,1,21,19
24,交通枢纽,2018-01-05 22:00:00,22,-4,65,1,1,13,12
25,校园,2018-01-05 22:00:00,22,-4,65,1,1,9,7
26,地铁站,2018-01-05 22:00:00,22,-4,65,1,1,9,9
27,商业区,2018-01-05 22:00:00,22,-4,65,1,1,11,11
28,居住区,2018-01-05 22:00:00,22,-4,65,1,1,18,13
29,交通枢纽,2018-01-05 22:00:00,22,-4,65,1,1,12,11
30,校园,2018-01-05 22:00:00,22,-4,65,1,1,18,19
31,地铁站,2018-01-05 22:00:00,22,-4,65,1,1,10,10
32,商业区,2018-01-05 22:00:00,22,-4,65,1,1,7,7
33,居住区,2018-01-05 22:00:00,22,-4,65,1,1,19,16
34,交通枢纽,2018-01-05 22:00:00,22,-4,65,1,1,12,11
35,校园,2018-01-05 22:00:00,22,-4,65,1,1,17,11
36,地铁站,2018-01-05 22:00:00,22,-4,65,1,1,9,7
37,商业区,2018-01-05 22:00:00,22,-4,65,1,1,6,7
38,居住区,2018-01-05 22:00:00,22,-4,65,1,1,20,23
39,交通枢纽,2018-01-05 22:00:00,22,-4,65,1,1,15,19
40,校园,2018-01-05 22:00:00,22,-4,65,1,1,14,13
41,地铁站,2018-01-05 22:00:00,22,-4,65,1,1,8,9
42,商业区,2018-01-05 22:00:00,22,-4,65,1,1,7,6
43,居住区,2018-01-05 22:00:00,22,-4,65,1,1,17,11
44,交通枢纽,2018-01-05 22:00:00,22,-4,65,1,1,13,9
45,校园,2018-01-05 22:00:00,22,-4,65,1,1,13,14
46,地铁站,2018-01-05 22:00:00,22,-4,65,1,1,7,8
47,商业区,2018-01-05 22:00:00,22,-4,65,1,1,6,7
48,居住区,2018-01-05 22:00:00,22,-4,65,1,1,20,14
49,交通枢纽,2018-01-05 22:00:00,22,-4,65,1,1,20,19
50,校园,2018-01-05 22:00:00,22,-4,65,1,1,10,7
1,地铁站,2018-01-05 23:00:00,23,-5,66,1,1,4,3
2,商业区,2018-01-05 23:00:00,23,-5,66,1,1,6,5
3,居住区,2018-01-05 23:00:00,23,-5,66,1,1,7,6
4,交通枢纽,2018-01-05 23:00:00,23,-5,66,1,1,5,4
5,校园,2018-01-05 23:00:00,23,-5,66,1,1,4,4
6,地铁站,2018-01-05 23:00:00,23,-5,66,1,1,4,4
7,商业区,2018-01-05 23:00:00,23,-5,66,1,1,7,6
8,居住区,2018-01-05 23:00:00,23,-5,66,1,1,8,7
9,交通枢纽,2018-01-05 23:00:00,23,-5,66,1,1,11,10
10,校园,2018-01-05 23:00:00,23,-5,66,1,1,6,6
11,地铁站,2018-01-05 23:00:00,23,-5,66,1,1,4,3
12,商业区,2018-01-05 23:00:00,23,-5,66,1,1,5,4
13,居住区,2018-01-05 23:00:00,23,-5,66,1,1,8,5
14,交通枢纽,2018-01-05 23:00:00,23,-5,66,1,1,8,8
15,校园,2018-01-05 23:00:00,23,-5,66,1,1,8,9
16,地铁站,2018-01-05 23:00:00,23,-5,66,1,1,4,3
17,商业区,2018-01-05 23:00:00,23,-5,66,1,1,6,6
18,居住区,2018-01-05 23:00:00,23,-5,66,1,1,6,6
19,交通枢纽,2018-01-05 23:00:00,23,-5,66,1,1,7,6
20,校园,2018-01-05 23:00:00,23,-5,66,1,1,7,8
21,地铁站,2018-01-05 23:00:00,23,-5,66,1,1,1,1
22,商业区,2018-01-05 23:00:00,23,-5,66,1,1,5,3
23,居住区,2018-01-05 23:00:00,23,-5,66,1,1,7,7
24,交通枢纽,2018-01-05 23:00:00,23,-5,66,1,1,9,5
25,校园,2018-01-05 23:00:00,23,-5,66,1,1,10,8
26,地铁站,2018-01-05 23:00:00,23,-5,66,1,1,5,5
27,商业区,2018-01-05 23:00:00,23,-5,66,1,1,4,4
28,居住区,2018-01-05 23:00:00,23,-5,66,1,1,6,4
29,交通枢纽,2018-01-05 23:00:00,23,-5,66,1,1,10,8
30,校园,2018-01-05 23:00:00,23,-5,66,1,1,6,5
31,地铁站,2018-01-05 23:00:00,23,-5,66,1,1,5,4
32,商业区,2018-01-05 23:00:00,23,-5,66,1,1,6,4
33,居住区,2018-01-05 23:00:00,23,-5,66,1,1,5,4
34,交通枢纽,2018-01-05 23:00:00,23,-5,66,1,1,11,10
35,校园,2018-01-05 23:00:00,23,-5,66,1,1,10,10
36,地铁站,2018-01-05 23:00:00,23,-5,66,1,1,4,3
37,商业区,2018-01-05 23:00:00,23,-5,66,1,1,5,5
38,居住区,2018-01-05 23:00:00,23,-5,66,1,1,8,8
39,交通枢纽,2018-01-05 23:00:00,23,-5,66,1,1,10,8
40,校园,2018-01-05 23:00:00,23,-5,66,1,1,7,6
41,地铁站,2018-01-05 23:00:00,23,-5,66,1,1,5,4
42,商业区,2018-01-05 23:00:00,23,-5,66,1,1,6,5
43,居住区,2018-01-05 23:00:00,23,-5,66,1,1,6,6
44,交通枢纽,2018-01-05 23:00:00,23,-5,66,1,1,4,5
45,校园,2018-01-05 23:00:00,23,-5,66,1,1,7,4
46,地铁站,2018-01-05 23:00:00,23,-5,66,1,1,5,5
47,商业区,2018-01-05 23:00:00,23,-5,66,1,1,5,5
48,居住区,2018-01-05 23:00:00,23,-5,66,1,1,7,7
49,交通枢纽,2018-01-05 23:00:00,23,-5,66,1,1,9,8
50,校园,2018-01-05 23:00:00,23,-5,66,1,1,11,8
